,지역,호텔
0,서울,신라스테이 광화문
1,서울,신라스테이 역삼
2,서울,글래드 여의도
3,서울,글래드 강남 코엑스센터
4,서울,신라스테이 서대문
5,서울,신라스테이 서초
6,서울,나인트리 프리미어 호텔 인사동
7,서울,나인트리 프리미어 호텔 명동 2
8,서울,글래드 마포
9,서울,L7 강남 바이 롯데
10,서울,오라카이 청계산 호텔
11,서울,시그니엘 서울
12,서울,신라스테이 삼성
13,서울,인터컨티넨탈 서울 코엑스
14,서울,롯데시티호텔 명동
15,서울,호텔 안테룸 서울
16,서울,호텔 스카이파크 킹스타운 동대문
17,서울,신라스테이 마포
18,서울,라마다 서울 호텔
19,서울,서울가든호텔
20,서울,서울 신라 호텔
21,서울,롯데시티호텔 구로
22,서울,신라스테이 구로
23,서울,오라카이 대학로 호텔
24,서울,나인트리 호텔 동대문
25,서울,라마다 서울 신도림
26,서울,티마크 그랜드 호텔 명동
27,서울,페어필드 바이 메리어트 서울
28,서울,호텔 리베라 서울
29,서울,노보텔 앰배서더 서울 용산
30,서울,그랜드 인터컨티넨탈 서울 파르나스
31,서울,쉐라톤 서울 디큐브시티 호텔
32,서울,오클라우드 호텔
33,서울,롯데 호텔 월드
34,서울,라마다 앙코르 서울 마곡
35,서울,그랜드 하얏트 서울
36,서울,임피리얼 팰리스 서울
37,서울,몬드리안 서울 이태원
38,서울,L7 홍대 바이 롯데
39,서울,메이필드 호텔 서울
40,서울,호텔 더 디자이너스 서울역점
41,서울,콘래드 서울 호텔
42,서울,롯데시티호텔 마포
43,서울,호텔 루체브릿지
44,서울,오라카이 인사동 스위트
45,서울,아리랑힐 호텔 동대문
46,서울,도미인 서울 강남
47,서울,레스케이프 호텔
48,서울,스탠포드 호텔 서울
49,서울,롯데시티호텔 김포공항
50,서울,PJ 호텔 명동 (피제이 호텔)
51,서울,"그랜드 워커힐 서울 (구, 쉐라톤 그랜드 워커힐 서울)"
52,서울,노보텔 스위트 앰배서더 서울 용산
53,서울,라이즈 오토그래프 컬렉션 바이 메리어트
54,서울,홀리데이 인 익스프레스 서울 홍대
55,서울,로사나 부띠끄 비즈니스 호텔
56,서울,호텔 인 9 강남
57,서울,호텔 파크하비오
58,서울,호텔 페이토 삼성
59,서울,로얄스퀘어호텔 서울
60,서울,서머셋 팰리스 서울
61,서울,코리아나 호텔
62,서울,오크우드 프리미어 코엑스센터
63,서울,노보텔 앰배서더 서울 동대문
64,서울,호텔 엠펠리체
65,서울,프리마 호텔 서울
66,서울,글래드 라이브 강남
67,서울,호텔 포레힐
68,서울,토요코인 서울강남점
69,서울,웨스틴 조선 서울
70,서울,스타즈 호텔 독산점
71,서울,"비스타 워커힐 서울 (구, W 서울 워커힐)"
72,서울,호텔 뉴브
73,서울,L7 명동 바이 롯데
74,서울,호텔 페이토 강남
75,서울,호텔 더 디자이너스 리즈 강남 프리미어
76,서울,딜라이트 호텔
77,서울,머큐어 앰배서더 서울 홍대
78,서울,머큐어 서울 앰배서더 강남 쏘도베
79,서울,어반 플레이스 강남
80,서울,포포인츠 바이 쉐라톤 서울 명동
81,서울,켄싱턴 호텔 여의도
82,서울,밀레니엄 힐튼 서울
83,서울,리버사이드 호텔 서울
84,서울,포포인츠 바이 쉐라톤 서울역
85,서울,메이플레이스 서울 동대문
86,서울,Ena스위트호텔
87,서울,롯데 호텔 서울
88,서울,포포인츠 바이 쉐라톤 서울 구로
89,서울,코트야드 바이 메리어트 서울 타임스퀘어
90,서울,스테이 호텔 강남
91,서울,더파크호텔 서울
92,서울,나인트리 호텔 명동
93,서울,서울 해밀톤 호텔
94,서울,포시즌스 호텔 서울
95,서울,JW 메리어트 호텔 서울
96,서울,호텔 엔트라
97,서울,파크 하얏트 서울
98,서울,임피리얼 팰리스 부티크 호텔
99,서울,호텔 그레이스리 서울
100,서울,코트야드 바이 메리어트 서울 보타닉 파크
101,서울,호텔 유리앤
102,서울,더 리센츠 프리미엄 강남 가로수길 호텔
103,서울,토요코인 서울영등포점
104,서울,인터시티 서울 호텔
105,서울,아벤트리 호텔 종로
106,서울,노보텔 앰배서더 서울 강남
107,서울,호텔 삼정
108,서울,그랜드 머큐어 앰배서더 호텔 앤 레지던스 서울 용산
109,서울,보리 호텔
110,서울,"더 플라자 서울, 오토그래프 컬렉션"
111,서울,호텔 더 디자이너스 홍대
112,서울,호텔 더 디자이너스 청량리
113,서울,호텔 해담채 가산
114,서울,바비엥 스위트 레지던스 2
115,서울,이태원 크라운 호텔
116,서울,포포인츠 바이 쉐라톤 서울 강남
117,서울,호텔 Gms
118,서울,라마다 호텔 & 스위트 서울 남대문
119,서울,에이든 바이 베스트웨스턴 청담
120,서울,JW 메리어트 동대문스퀘어 서울
121,서울,스위스 그랜드 호텔
122,서울,마누 호텔 명동
123,서울,스탠다드 호텔
124,서울,프레이저 플레이스 센트럴 서울
125,서울,코트야드 메리어트 서울 남대문
126,서울,여의도 엠 호텔
127,서울,호텔 카푸치노
128,서울,Jk블라썸
129,서울,파로스 호텔
130,서울,더케이호텔서울
131,서울,WD 호텔
132,서울,스타즈 호텔 명동 1호점
133,서울,아만티호텔 서울
134,서울,호텔 더 디자이너스 동대문
135,서울,안다즈 서울 강남
136,서울,SR 호텔
137,서울,글루호텔
138,서울,메리골드 호텔
139,서울,아르누보 호텔 역삼
140,서울,에이치에비뉴 호텔 이대
141,서울,메리어트 이그제큐티브 아파트먼트 서울
142,서울,피터캣호텔
143,서울,페어몬트 앰배서더 서울
144,서울,알로프트 서울 강남
145,서울,아르누보 호텔 서초
146,서울,트레블로지 명동 을지로
147,서울,이비스 스타일 앰배서더 서울 강남
148,서울,리안 호텔
149,서울,호텔토마스명동
150,서울,나인브릭호텔
151,서울,세종 호텔
152,서울,아르누보 호텔 강남 씨티
153,서울,골드리버호텔
154,서울,호텔 드씨엘
155,서울,에이치에비뉴 호텔 성신여대
156,서울,롯데 호텔 서울 이그제큐티브 타워
157,서울,서울앤호텔 동대문
158,서울,에이치에비뉴 호텔 건대 성수
159,서울,동서울 관광호텔
160,서울,뉴서울 호텔
161,서울,호텔 포코
162,서울,호텔 선샤인 서울
163,서울,프레지던트 호텔
164,서울,오리엔스 호텔 앤 레지던스
165,서울,호텔 로프트
166,서울,퍼시픽 호텔
167,서울,소설 호텔
168,서울,이비스 앰배서더 인사동
169,서울,호텔 데님 서울
170,서울,호텔 더 디자이너스 프리미어 건대
171,서울,필스테이 명동
172,서울,호텔상주
173,서울,프린세스 호텔
174,서울,베니키아 서울호텔
175,서울,알로프트 서울 명동
176,서울,역삼 스타 호텔
177,서울,E 호텔
178,서울,토요코인 서울동대문2점
179,서울,코너호텔
180,서울,크라운 파크 호텔
181,서울,호텔 크레센도 서울 매니지드 바이 아코르 & 앰배서더
182,서울,그리드인 호텔
183,서울,파티오 세븐 호텔
184,서울,호텔 미드시티 명동
185,서울,호텔 벤허
186,서울,이비스 스타일 앰배서더 서울 용산
187,서울,트리아 호텔
188,서울,호텔 더 디자이너스 종로
189,서울,웨스턴코업 동대문 레지던스
190,서울,서울숲스테이
191,서울,호텔 스카이파크 명동 1호점
192,서울,라까사호텔 서울
193,서울,라마다 서울 동대문
194,서울,보넘 1957 한옥 스테이 & 호텔
195,서울,라코지스테이 서울
196,서울,코보스 호텔
197,서울,호텔 인피니
198,서울,호텔 컬리넌 왕십리
199,서울,노원 노블레스 관광호텔
200,서울,인더시티 비즈니스 호텔
201,서울,호텔 쿠레타케소 인사동
202,서울,강남 패밀리 호텔
203,서울,에이치에비뉴 호텔 역삼점
204,서울,유원호텔
205,서울,호텔 그라모스
206,서울,목시 바이 메리어트 서울 인사동
207,서울,을지로 코업 레지던스
208,서울,하이서울유스호스텔
209,서울,K-그랜드 호스텔 동대문
210,서울,인사동 호텔썬비
211,서울,갤럭시호텔
212,서울,에버8 서비스 레지던스
213,서울,베니키아 호텔 카카오
214,서울,이비스 스타일 앰배서더 명동
215,서울,호텔 더 디자이너스 건대
216,서울,프린스 호텔
217,서울,호텔야자 고려대점
218,서울,메이커스 호텔
219,서울,버틀러 리 올 스위츠
220,서울,호텔 스테이 인
221,서울,트레블로지 동대문
222,서울,하모니 호텔
223,서울,호텔 디아망
224,서울,뜨랑블루 호텔
225,서울,호텔 루 136
226,서울,종로 아이콘 호텔
227,서울,호텔 컬리넌 건대 2
228,서울,호텔 컬리넌 대치
229,서울,ITW 호텔 이태원
230,서울,블레싱 인 서울
231,서울,스몰하우스 빅도어
232,서울,호텔브릿지
233,서울,퀸하우스
234,서울,호텔 부티크 9
235,서울,써클 호텔 서울
236,서울,더리센츠동대문호텔
237,서울,포레스타 호텔
238,서울,호텔 가온 서울 동대문
239,서울,센트럴 관광 호텔
240,서울,몽 호텔 종로
241,서울,호스텔 토미
242,서울,호텔 디 아티스트 성신여대점
243,서울,스타 호스텔 동대문
244,서울,부티크 XYM 호텔
245,서울,호텔 더 디자이너스 DDP
246,서울,호텔 더캐슬
247,서울,노보텔 앰배서더 독산
248,서울,솔라리아 니시테츠 호텔 서울
249,서울,소현당 한옥 게스트하우스
250,서울,홍대 보보 호텔
251,서울,브릭스 호텔
252,서울,호텔 컬리넌 구로
253,서울,바티카 호텔 동대문
254,서울,케이팝 호텔 서울 타워점
255,서울,리치 다이아몬드 호텔
256,서울,스위트 캐슬 아파트먼트
257,서울,아이올라 게스트하우스
258,서울,호텔 CS 에비뉴 녹번
259,서울,호텔 봄
260,서울,호텔 나포레
261,서울,파밀리아인
262,서울,이비스 앰배서더 명동
263,서울,골든호텔
264,서울,보르조미 부티크 서울 호텔
265,서울,호텔 다다
266,서울,코코모 호텔
267,서울,선릉 호텔 스타
268,서울,체이슨 엠
269,서울,호텔 세느
270,서울,호텔 디오레
271,서울,메트로 호텔
272,서울,SB 호텔
273,서울,호텔 컬리넌 건대
274,서울,BB 홍대 호스텔
275,서울,호텔 파크 힐 명동
276,서울,김치 게스트하우스 홍대
277,서울,신트라 호텔
278,서울,불광 포레스타호텔
279,서울,K 호텔
280,서울,더 그랜드 스위트 레지던스
281,서울,스텝인명동1
282,서울,다다름
283,서울,가야 라트리 호텔
284,서울,호텔릿 서울역점
285,서울,호텔스타 프리미어 역삼
286,서울,썬 시티 호스텔
287,서울,에바다 레지던스
288,서울,57 명동 호스텔
289,서울,호텔 유니크바이포레
290,서울,뉴 국제 호텔
291,서울,나비 호텔 레지던스
292,서울,호텔더캐슬 신천
293,서울,신촌 포레스타 호텔
294,서울,동대문 인
295,서울,잠실 톰지 호텔
296,서울,스테이락호텔
297,서울,타라 호텔
298,서울,잠실 포레스타2 호텔
299,서울,코지박스 게스트하우스
300,서울,호텔스타 상봉
301,서울,나비 호스텔
302,서울,호텔 스카이파크 센트럴 명동점
303,서울,남산 힐 호텔
304,서울,대영호텔 서울
305,서울,이태원 인
306,서울,케니스토리인 종로
307,서울,씨엘 호텔
308,서울,UH 스위트 아파트먼트 종각
309,서울,업플로 호스텔
310,서울,라다 호텔
311,서울,호스텔 코리아
312,서울,호스텔 하루
313,서울,호텔야자 영등포점
314,서울,베니키아 노블레스 호텔
315,서울,코업시티호텔 스테이코
316,서울,부티크호텔 K 종로
317,서울,에어 호스텔 동대문
318,서울,호텔 컬리넌 개포
319,서울,종로 아비숑 호텔
320,서울,호텔 미도 명동
321,서울,강남 올인 모텔
322,서울,티롤관광호텔
323,서울,라비타 호텔
324,서울,호텔 어반
325,서울,마리
326,서울,라비앙호텔
327,서울,야코리아 호스텔 강남점
328,서울,K게스트하우스 동대문 프리미엄
329,서울,라인호텔 명동
330,서울,킴스테이9
331,서울,디자인 호텔 다니엘 캄파넬라
332,서울,론스타 호텔
333,서울,호텔 감
334,서울,녹스 부티크 호텔
335,서울,버틀러리
336,서울,비젼 게스트하우스
337,서울,Mw호텔
338,서울,스테이 서울 레지던스
339,서울,코텔 김포공항점
340,서울,이코노미 호텔 명동 프리미어점
341,서울,호텔 프린스 서울
342,서울,강남 캠퍼스호텔
343,서울,서울 발리 관광호텔
344,서울,서울드림호텔
345,서울,wo모텔 충정로
346,서울,SM 부티크호텔
347,서울,종로 비즈 호텔
348,서울,24게스트하우스 잠실점
349,서울,서울큐브이태원
350,서울,G Stay 호텔 조커
351,서울,24 게스트하우스 동대문점
352,서울,스테이호텔
353,서울,인사동 호스텔
354,서울,서울 엘르인 호텔
355,서울,명동 멀린 호텔
356,서울,더블유호텔
357,서울,위고인 호스텔
358,서울,드래곤스테이
359,서울,한강레지던스&게스트하우스
360,서울,디에이스 호텔
361,서울,케이팝 호텔 서울역점
362,서울,다올 게스트하우스
363,서울,명동 머스트 스테이 호텔
364,서울,그리너리하우스
365,서울,역삼 호텔벤
366,서울,화웬하우스hq
367,서울,제리스 플래닛
368,서울,호텔리더스
369,서울,호텔스타 건대
370,서울,남산 포레스트 시티
371,서울,H 호텔
372,서울,올빛 카페 & 게스트하우스
373,서울,수송게스트하우스
374,서울,마인드 호텔
375,서울,킴스테이
376,서울,와우 모텔
377,서울,라비야 호텔
378,서울,강남 AN 게스트하우스
379,서울,북촌 소선재 게스트하우스
380,서울,Mrg호텔
381,서울,호텔 시애틀
382,서울,나나하우스
383,서울,호텔 더 블루
384,서울,아모렉스 호텔
385,서울,서울 로프트 아파트먼트
386,서울,호텔 컬리넌 종로
387,서울,Vip 호텔
388,서울,보보스 모텔
389,서울,루프탑호스텔
390,서울,버즈네스트 호스텔
391,서울,머스트스테이 호텔
392,서울,디엠와이케이
393,서울,와이로드 135
394,서울,마마스 앤 파파스 홍대 게스트하우스
395,서울,Zip 호텔
396,서울,시티 파크 호텔
397,서울,신촌 Y 모텔
398,서울,하라스 호텔
399,서울,시우 한옥 게스트하우스
400,서울,리치모텔
401,서울,코코아 게스트하우스
402,서울,지월장 게스트하우스
403,서울,라사 호텔
404,서울,데미안 호텔
405,서울,강남게스트하우스 마루
406,서울,호텔라하
407,서울,W호텔
408,서울,호스텔 제이 스테이
409,서울,에이치호텔
410,서울,잠실 호텔 자자
411,서울,준 게스트하우스
412,서울,업플로 하우스
413,서울,류 게스트하우스
414,서울,크립 49 게스트하우스
415,서울,모던플레이스
416,서울,지브로 Y
417,서울,도미니크 호텔
418,서울,유 게스트하우스
419,서울,서울 모텔 비
420,서울,호텔 팩토리
421,서울,호텔타오
422,서울,호텔왈츠
423,서울,호텔제로
424,서울,셀레네 호텔
425,서울,캘리포니아호텔
426,서울,뉴힐탑 관광호텔
427,서울,세이프스테이 노들
428,서울,쌍마호텔
429,서울,이태원 옐로우 게스트 하우스
430,서울,30Month호텔
431,서울,슬로우스테이da
432,서울,김치 게스트하우스 신촌점
433,서울,월모텔
434,서울,호텔 볼
435,서울,호텔디아티스트 연신내점
436,서울,방배 오슬로
437,서울,DH 신촌 게스트하우스
438,서울,호텔야자 연신내역점
439,서울,명동 뉴 스테이 인
440,서울,스텝인명동2
441,서울,호텔 스카이파크 명동 3호점
442,서울,케이팝 레지던스 동대문
443,서울,WO모텔 용산역
444,서울,홍대 G게스트하우스
445,서울,줌 모텔
446,서울,포레스타 호텔
447,서울,모텔공감
448,서울,코텔야자 사당역점
449,서울,인우 하우스
450,서울,캡슐 게스트하우스
451,서울,삼성 베드 스테이션
452,서울,동대문 에그하우스 호스텔
453,서울,호텔 크레토 명동
454,서울,호텔 QB
455,서울,Si호텔
456,서울,까사 호텔
457,서울,니트 하우스
458,서울,원미닛게스트하우스
459,서울,블랑호텔
460,서울,이지 호텔
461,서울,서울 그랜드호스텔 이대
462,서울,W 미니호텔
463,서울,현대모텔
464,서울,퍼스트스테이호텔 이글
465,서울,호텔 아띠 충무로
466,서울,명동 게스트하우스 꼬모
467,서울,아미가 모텔
468,서울,컴 인 게스트하우스
469,서울,케이팝하우스
470,서울,스텔라 호스텔
471,서울,호텔 트리
472,서울,인사동 미니 호텔
473,서울,부티크호텔k
474,서울,칼리스타 호텔
475,서울,서초 오슬로 호텔
476,서울,저스트 스테이 호텔
477,서울,더 스테이 호텔
478,서울,24 게스트하우스 서울역점
479,서울,24 게스트하우스 서울청량리점
480,서울,명동 힐 하우스 호텔
481,서울,코스테이 게스트하우스 서울역
482,서울,트래블러스 A 서울 호스텔
483,서울,하이스트릿 게스트하우스
484,서울,블루 맨션 게스트하우스
485,서울,아르고 호텔
486,서울,호텔 코지 명동
487,서울,타임트래블러스파티 게스트하우스
488,서울,호텔 하이랜드
489,서울,호텔야자 건대점
490,서울,잠실 체리
491,서울,연희장
492,서울,모텔리츠
493,서울,MK 게스트하우스
494,서울,마레 호텔
495,서울,트립스테이 명동
496,서울,서울큐브 이화
497,서울,큐브 게스트하우스
498,서울,자스민호텔
499,서울,아울스 네스트 게스트하우스
500,서울,어뮤즈 게스트하우스
501,서울,빅 존스 플레이스 게스트하우스
502,서울,로드 명동
503,서울,구구호텔
504,서울,오리엔트호텔
505,서울,호텔수
506,서울,명동 탑 호텔
507,서울,호텔 샘
508,서울,카파쓰 호텔
509,서울,라이프스타일 F 호텔
510,서울,호텔 아이린 시티
511,서울,24 게스트하우스 동대문시장점
512,서울,제이에스호텔
513,서울,남산포레스트
514,서울,신촌시스터즈
515,서울,스티치스 게스트하우스
516,서울,신림 K2
517,서울,서울 달빛 게스트하우스
518,서울,호텔 앳 홈
519,서울,31 페이지 모텔
520,서울,모텔얌 서래마을점
521,서울,나인스 모텔
522,서울,아하바 호텔
523,서울,유진 한옥 하우스 동대문
524,서울,24 게스트하우스 강남센터점
525,서울,CS 모텔
526,서울,메리엘 호텔
527,서울,서울 다산 하우스
528,서울,서울 렉스 호텔
529,서울,제임스 조이스 호텔 엘리트 서울 (호텔더블에이)
530,서울,G 게스트하우스 이태원 인 서울
531,서울,메이원호텔
532,서울,호텔라뷰
533,서울,영스테이
534,서울,호텔 스카이파크 동대문1호점
535,서울,신촌 라뉘 호텔
536,서울,프리마모텔
537,서울,종로 세림호텔
538,서울,서울 맨해튼 호텔
539,서울,동부모텔
540,서울,호텔야자 성신여대역점
541,서울,롬바드 하우스
542,서울,아이다호텔
543,서울,에이원호텔
544,서울,장어 게스트하우스
545,서울,서울 라바 모텔
546,서울,K 게스트하우스 프리미엄 강남 1호
547,서울,윈저 호텔
548,서울,리치 호텔
549,서울,렉시호텔
550,서울,투헤븐 종로
551,서울,호텔인카페 독산사거리점
552,서울,나그네하우스
553,서울,202 하우스 서울스테이션
554,서울,호텔 갤럭시 투어
555,서울,호텔 온
556,서울,신촌 초콜릿 트리
557,서울,케이월드호텔
558,서울,쏠라리움 시티
559,서울,피터캣호텔
560,서울,댓하우스
561,서울,노원 리츠 호텔
562,서울,나인 스타 호텔
563,서울,첼로모텔
564,서울,호텔순라
565,서울,트라움 호텔
566,서울,서울 시티 호텔
567,서울,미오 II 디자인 레지던스
568,서울,천일모텔
569,서울,지브로 에이치
570,서울,선릉 베드스테이션
571,서울,베니키아 노블 호텔
572,서울,두리 게스트하우스
573,서울,삼호 파크 호텔
574,서울,숨바꼭질 게스트하우스
575,서울,Imt 호텔
576,서울,스프링라이트
577,서울,트윈팬더모텔
578,서울,타임모텔
579,서울,더 큐브 호텔
580,서울,한옥 풍경
581,서울,브이모텔
582,서울,호텔bnn
583,서울,킹덤호텔
584,서울,라몬
585,서울,호스텔 코리아 5호점
586,서울,호텔 비엔더블유
587,서울,폼모텔
588,서울,서울 게스트하우스
589,서울,케이팝 레지던스 명동 1호점
590,서울,호텔이너스
591,서울,호스텔 코리아 11 창덕궁
592,서울,화곡 초콜릿 호텔
593,서울,갤러리아 호텔
594,서울,토모 레지던스
595,서울,복합한옥공간 곳
596,서울,필스테이 이태원점
597,서울,이화한옥
598,서울,와이 하우스
599,서울,시스앤브로 게스트하우스
600,서울,따봉게스트하우스
601,서울,뉴신라호텔
602,서울,설레임 모텔
603,서울,게스트하우스 강남 (여성 전용)
604,서울,달콤 게스트하우스 충무로
605,서울,히트 모텔
606,서울,부티크호텔 르릿
607,서울,이태원 WO
608,서울,짝호텔
609,서울,K-게스트하우스 남대문
610,서울,강남 마레 호텔
611,서울,킴스테이2
612,서울,연애시대 모텔
613,서울,트윈래빗 게스트하우스
614,서울,나루호스텔
615,서울,위드 모텔
616,서울,댓 하우스
617,서울,CF 모텔
618,서울,테마 모텔
619,서울,제이미니 호텔
620,서울,호텔야자 천호점
621,서울,그레이튼호텔
622,서울,호텔스토리
623,서울,지브로 게스트하우스
624,서울,예하도예 게스트하우스
625,서울,르네상스 호텔 신림
626,서울,스위스 모텔
627,서울,모노하우스
628,서울,덴버모텔
629,서울,예포 게스트하우스
630,서울,호스텔 클로이
631,서울,더포스트호텔
632,서울,호텔 밀하우스
633,서울,더라움호텔
634,서울,에어호스텔 명동
635,서울,드어반 호텔
636,서울,폭스 호텔
637,서울,빙고호스텔
638,서울,호텔365
639,서울,대하 모텔
640,서울,웰 플러스 게스트하우스
641,서울,아트 호텔
642,서울,호텔 그곳에
643,서울,용산 레인보우 호텔
644,서울,아트래블 명동 서울 호스텔
645,서울,Hah 게스트하우스
646,서울,올리브호텔
647,서울,하이 게스트하우스 인사동
648,서울,24 게스트하우스 신촌점
649,서울,호텔 스카이 더 클래식
650,서울,아나 호텔
651,서울,누하당 한옥 게스트하우스
652,서울,화웬하우스hq
653,서울,다락호텔
654,서울,Ver.2모텔
655,서울,24 게스트하우스 서울시청점
656,서울,노블호텔
657,서울,더 블랙 웨일
658,서울,종로 POP 호텔
659,서울,플러스호텔
660,서울,신촌 에스 호텔
661,서울,뉴 월드 모텔
662,서울,HY 스테이
663,서울,Imt 호텔 2
664,서울,6월 호텔
665,서울,호텔야자 강남논현점
666,서울,메이저 호텔
667,서울,이코노미 호텔 은평점
668,서울,호텔 더 휴
669,서울,호텔 27
670,서울,상봉 칼튼호텔
671,서울,르씨엘 모텔
672,서울,사월 모텔
673,서울,벙크 게스트하우스
674,서울,영빈모텔
675,서울,양미 모텔
676,서울,루이 호텔
677,서울,리베라모텔
678,서울,피넛 모텔
679,서울,계림모텔
680,서울,코림모텔
681,서울,미시간하우스앤펍
682,서울,머니모텔
683,서울,라트리
684,서울,코텔 노량진역점
685,서울,서울역 알게스트하우스
686,서울,오렌지 카운티 호텔
687,서울,블루모텔
688,서울,호텔 Ddk
689,서울,신림 루쏘 호텔
690,서울,피오나 호텔
691,서울,코리아호텔
692,서울,시마모텔
693,서울,럭스 게스트하우스
694,서울,베르사유 호텔
695,서울,블루보트 게스트하우스 명동점
696,서울,신촌 맥 호텔
697,서울,딘호텔
698,서울,노벰버모텔
699,서울,호텔 베네
700,서울,그린파크모텔
701,서울,청계 하우스
702,서울,호텔노블
703,서울,린 호텔
704,서울,호텔 앤
705,서울,모텔봄 남구로점
706,서울,세피아호텔
707,서울,리베라 모텔 신촌
708,서울,JC 인 동대문
709,서울,램파트
710,서울,이문여관
711,서울,디스테이션
712,서울,필스테이 명동 메트로
713,서울,신림 조이
714,서울,투어인 하루미
715,서울,블루힐 모텔
716,서울,팰리스파크모텔
717,서울,휴 호텔
718,서울,M모텔
719,서울,화곡 부띠끄 랑호텔
720,서울,호텔 티제이
721,서울,샐몬모텔
722,서울,바오게스트하우스
723,서울,F.N 모텔
724,서울,공감 미니 호텔 상봉점
725,서울,구로 쎄비앙 모텔
726,서울,호텔야자 신촌점
727,서울,플러스모텔
728,서울,캠퍼스모텔
729,서울,폼모텔
730,서울,바레 모텔
731,서울,더 원 호스텔
732,서울,효선재 한옥 게스트하우스
733,서울,앤 서울 호스텔
734,서울,효선당 게스트하우스
735,서울,호텔야자 신림점
736,서울,크로스로드 백팩커스 홍대
737,서울,거기모텔
738,서울,사랑채 한옥 게스트하우스
739,서울,한 한옥 게스트하우스
740,서울,야코리아 게스트하우스 동대문
741,서울,648 호텔
742,서울,호텔 헤르츠
743,서울,킴스테이7 게스트하우스
744,서울,에스모텔
745,서울,청수모텔
746,서울,비원 게스트하우스
747,서울,쿠키호텔
748,서울,써니 힐 게스트하우스
749,서울,종로 노바
750,서울,모노하우스 5호점
751,서울,잠모텔
752,서울,본모텔
753,서울,서울 영빈 호텔
754,서울,뉴욕 모텔
755,서울,아마레 호텔
756,서울,이사벨호텔
757,서울,로즈마리 모텔
758,서울,영동모텔
759,서울,MJ 스테이 2호점
760,서울,호텔야자 신림2호점
761,서울,더스토리 모텔
762,서울,북촌마루 한옥 게스트하우스
763,서울,더 자바 호텔
764,서울,피아노 모텔
765,서울,그 김가네 게스트하우스
766,서울,파르페 호텔 신촌
767,서울,호텔 트리 쉐이드
768,서울,문 게스트하우스
769,서울,저스트포유 게스트하우스
770,서울,문스호스텔
771,서울,인사동 R 게스트하우스
772,서울,호텔 스타 마스터피스 스위트
773,서울,소라 모텔
774,서울,서울대입구 서울모텔
775,서울,허니
776,서울,금강모텔
777,서울,더 그레이
778,서울,호텔 가을
779,서울,게스트하우스 K
780,서울,테마모텔
781,서울,호텔야자 강서구청역점
782,서울,에이치호텔
783,서울,엠앤럭키호텔
784,서울,H2O 게스트하우스
785,서울,하이웨이호텔
786,서울,드림 게스트하우스
787,서울,라테라 모텔
788,서울,광진 파인힐
789,서울,아로하 게스트하우스 서울역
790,서울,서울 리젠트 모텔
791,서울,Du모텔
792,서울,종로 아마레 호텔
793,서울,메이모텔
794,서울,써니힐 게스트하우스
795,서울,유앤피호텔
796,서울,디자인모텔 Xym
797,서울,신영 모텔
798,서울,호텔 그림
799,서울,아모르모텔
800,서울,아비숑
801,서울,오빠 호스텔
802,서울,아마존 게스트하우스
803,서울,데이지 모텔
804,서울,54번가 호텔
805,서울,홍대 레이지폭스 호스텔
806,서울,줌모텔
807,서울,탕파스 호스텔
808,서울,화곡 구름성
809,서울,애니타임모텔
810,서울,Wo모텔
811,서울,모텔하루
812,서울,와우 힐즈 게스트하우스
813,서울,크리스티 호텔
814,서울,일루와
815,서울,뷰모텔
816,서울,타워 모텔
817,서울,장안 A366
818,서울,웰컴 게스트하우스
819,서울,닉스모텔
820,서울,호텔 버스
821,서울,모나이 게스트하우스
822,서울,남산포레스트
823,서울,다자연 한옥 스테이
824,서울,애인호텔
825,서울,힙 호텔
826,서울,신촌 D 모텔
827,서울,호텔 릴
828,서울,칸 모텔
829,서울,르블랑
830,서울,아이리스
831,서울,호텔 4월 2일
832,서울,서울 맘 게스트하우스
833,서울,빅토리아모텔
834,서울,퍼니 모텔
835,서울,호텔 FA
836,서울,두꺼비호텔
837,서울,호미니 게스트하우스
838,서울,노원모텔
839,서울,리츠
840,서울,문 호텔
841,서울,꼬모 모텔
842,서울,호텔 CC
843,서울,S모텔
844,서울,맥스모텔
845,서울,서촌게스트하우스
846,서울,호텔수
847,서울,M 모텔
848,서울,서울의휴일게스트하우스
849,서울,N모텔
850,서울,파레스모텔
851,서울,호텔시크
852,서울,오렌지모텔
853,서울,본모텔
854,서울,칸호텔
855,서울,버니모텔
856,서울,P.S 게스트하우스 이태원
857,서울,하이모텔
858,서울,러쉬 호텔
859,서울,명동 맘하우스
860,서울,해밀 한옥 게스트하우스
861,서울,담모텔
862,서울,화웬하우스
863,서울,노바루스 관광 호텔
864,서울,모스크
865,서울,제로미네 게스트하우스
866,서울,케이투 모텔
867,서울,미니 호텔 달콤
868,서울,비마이 게스트하우스
869,서울,필스테이 동대문
870,서울,한글 게스트하우스
871,서울,중랑 T
872,서울,종로 벤허 모텔
873,서울,엠지호텔
874,서울,삼청동 코리아게스트 하우스
875,서울,베스트인 부티크
876,서울,구모텔
877,서울,호텔 팝 종로 2
878,서울,24 게스트하우스 경복궁점
879,서울,마중 게스트하우스 서울역
880,서울,우 게스트하우스
881,서울,도운모텔
882,서울,마마 게스트하우스
883,서울,호텔 M&A
884,서울,돈키호텔
885,서울,Bj호텔
886,서울,리오모텔
887,서울,샤인모텔
888,서울,드리머스 게스트하우스
889,서울,종로 누누 모텔
890,서울,명동 게스트하우스 ZZ
891,서울,호텔야자 종로점
892,서울,비알 게스트하우스 홍대
893,서울,테레즈호텔
894,서울,솔 호텔
895,서울,보보스
896,서울,스카이 모텔
897,서울,광명 에덴파크
898,서울,캠퍼스 모텔
899,서울,아테네 모텔
900,서울,M 모텔
901,서울,모텔 봄
902,서울,남경호텔
903,서울,세화 호스텔
904,서울,화웬 더블로썸 게스트하우스
905,서울,원즈빌 명동
906,서울,도봉 럭스
907,서울,아펠바움
908,서울,K-그랜드 호스텔 명동점
909,서울,참호텔
910,서울,요트 게스트하우스
911,서울,카림 게스트하우스
912,서울,남산길하우스
913,서울,24 게스트하우스 명동타운
914,서울,Mw하우스
915,서울,종로 카라 모텔
916,서울,24게스트하우스 신촌에비뉴
917,서울,오투모텔
918,서울,이프모텔
919,서울,호텔갤러리
920,서울,노엘스 게스트하우스
921,서울,아미가모텔
922,서울,고구마 모텔
923,서울,비앤엘 모텔
924,서울,리즈 하우스
925,서울,리틀스타 게스트하우스
926,서울,수유 러쉬 호텔
927,서울,티파니모텔
928,서울,헬로인 모텔
929,서울,소피아 게스트하우스
930,서울,플러스모텔
931,서울,모네 모텔
932,서울,여우모텔
933,서울,맥스 모텔
934,서울,밀모텔
935,서울,M모텔
936,서울,호스텔 코리아 10호점
937,서울,러브이즈
938,서울,저스틴 하우스
939,서울,명동 타운 게스트하우스
940,서울,벙크 게스트하우스 홍대 2
941,서울,에덴시티 아파트 삼성 코엑스역
942,서울,별장모텔
943,서울,호텔 스카이파크 명동 2호점
944,서울,레인보우 호스텔
945,서울,메이호텔
946,서울,만토바모텔
947,서울,쏠모텔
948,서울,디자인 호텔 렉시
949,서울,그림모텔
950,서울,금호 서중모텔
951,서울,쉼 호텔
952,서울,호텔 락
953,서울,서원장 모텔
954,서울,모텔달동네
955,서울,초콜릿호텔
956,서울,유토피아 모텔
957,서울,명동 에코 게스트하우스
958,서울,이젠 모텔
959,서울,스타 게스트하우스
960,서울,몽모텔
961,서울,수유 윈저2
962,서울,시네마 호텔 인사동
963,서울,동도호텔
964,서울,24 게스트하우스 명동 에비뉴
965,서울,테마모텔
966,서울,남현당 게스트하우스
967,서울,서울 호텔 제이드
968,서울,계림 게스트하우스
969,서울,리오모텔
970,서울,프라자모텔
971,서울,모텔 미사
972,서울,M 모텔
973,서울,CF 모텔
974,서울,홀리데이
975,서울,선시티 게스트하우스
976,서울,I 호텔
977,서울,코자모텔
978,서울,나비모텔
979,서울,아트래블홈 명동
980,서울,토이 게스트하우스
981,서울,레드 게스트하우스
982,서울,게스트하우스 명동 2
983,서울,슈미에르모텔
984,서울,팰리스모텔
985,서울,어반아트스테이
986,서울,시오 호스텔
987,서울,제라늄 여성전용 게스트하우스
988,서울,르네상스 모텔
989,서울,파레스모텔
990,서울,치즈게스트하우스
991,서울,사랑 게스트하우스
992,서울,회기 모텔
993,서울,쿠즈 호텔
994,서울,체리모텔
995,서울,페트라 모텔
996,서울,럭키모텔
997,서울,드림 하우스 게스트하우스
998,서울,홍대 스타일 게스트하우스
999,서울,솔리드모텔
1000,서울,종로 아이엠티호텔
1001,서울,신림 캐슬
1002,서울,브띠그호텔 더블유
1003,서울,블루버드 호텔
1004,서울,하모리 게스트하우스
1005,서울,한스 하우스
1006,서울,썸모텔
1007,서울,서울 N 호스텔
1008,서울,호텔 M 신촌
1009,서울,쉐르빌모텔
1010,서울,수유 짝
1011,서울,호텔 카누
1012,서울,호텔 명동
1013,서울,황금모텔
1014,서울,빨간 팬다 호텔
1015,서울,림 호텔
1016,서울,호텔야자 오류역점
1017,서울,M모텔
1018,서울,신디
1019,서울,발리모텔
1020,서울,연 모텔
1021,서울,엠버시 게스트하우스
1022,서울,왕십리 파레스
1023,서울,마포 블루 모텔
1024,서울,스타장모텔
1025,서울,종로 피카소 모텔
1026,서울,러브모텔
1027,서울,테마모텔
1028,서울,삼성장모텔
1029,서울,팜비치모텔
1030,서울,올인모텔
1031,서울,터치모텔
1032,서울,문 썬 게스트하우스
1033,서울,K모텔
1034,서울,웰콤호스텔
1035,서울,세븐 모텔
1036,서울,톰플러스모텔
1037,서울,하얀장
1038,서울,엔젤모텔
1039,서울,쿨모텔
1040,서울,연당 게스트하우스
1041,서울,호텔A
1042,서울,윈 모텔
1043,서울,윈저모텔
1044,서울,카누모텔
1045,서울,대흥모텔
1046,서울,G모텔
1047,서울,미니멀시즌 호텔
1048,서울,핸드픽트 호텔
1049,서울,가락 관광호텔
1050,서귀포,랜딩관 제주신화월드 호텔앤리조트
1051,서귀포,신화관 제주신화월드 호텔앤리조트
1052,서귀포,롯데 호텔 제주
1053,서귀포,메리어트관 제주신화월드 호텔앤리조트
1054,서귀포,골든튤립 제주성산호텔
1055,서귀포,더큐브 리조트 제주
1056,서귀포,코업시티호텔 성산
1057,서귀포,"골든데이지 서귀포오션 호텔 (구, D호텔)"
1058,서귀포,해비치 호텔 & 리조트
1059,서귀포,서머셋 제주신화월드
1060,서귀포,밸류호텔 서귀포 JS
1061,서귀포,플레이스 캠프 제주
1062,서귀포,호텔 토스카나
1063,서귀포,호텔 케니 서귀포
1064,서귀포,더 그랜드 섬오름
1065,서귀포,까사로마 호텔
1066,서귀포,신신호텔 천지연
1067,서귀포,코업시티호텔 하버뷰
1068,서귀포,엠스테이 호텔 제주
1069,서귀포,휘닉스 제주 섭지코지
1070,서귀포,헤이 서귀포
1071,서귀포,제주 디 아일랜드 블루 호텔
1072,서귀포,금호 제주 리조트
1073,서귀포,일레 인 호텔
1074,서귀포,위 호텔 제주
1075,서귀포,코델리아 S 호텔
1076,서귀포,아루미호텔
1077,서귀포,제주 아리아 호텔
1078,서귀포,호텔 윈 스카이
1079,서귀포,호텔 빠레브
1080,서귀포,유어스호텔
1081,서귀포,호텔 휴식 서귀포
1082,서귀포,제주 스테이 인 성산
1083,서귀포,브리즈 베이 호텔
1084,서귀포,베니키아 중문 호텔
1085,서귀포,썬라이즈 호텔 성산점
1086,서귀포,소노캄 제주
1087,서귀포,비스타케이 호텔 월드컵
1088,서귀포,담앤루 리조트
1089,서귀포,호텔 윈스토리
1090,서귀포,호텔스카브로
1091,서귀포,신신호텔 서귀포
1092,서귀포,휴안스테이호텔
1093,서귀포,아로하 호텔
1094,서귀포,아인스 호텔
1095,서귀포,제주호텔더엠
1096,서귀포,담모라 리조트
1097,서귀포,호텔 연
1098,서귀포,켄싱턴 리조트 서귀포
1099,서귀포,돈내코힐 리조트
1100,서귀포,모슬포 호텔
1101,서귀포,BK호텔 제주
1102,서귀포,피노호텔
1103,서귀포,썬라이즈호텔 섭지코지점
1104,서귀포,아름다운 리조트
1105,서귀포,그랜드 밀리언스호텔 서귀포
1106,서귀포,스위트메이서귀포호텔
1107,서귀포,중문 시티 호텔
1108,서귀포,더 클라우드 풀앤스파
1109,서귀포,제주 폴에이 리조트
1110,서귀포,봄 그리고 가을 리조트
1111,서귀포,호텔스테이인터뷰제주
1112,서귀포,호텔dk
1113,서귀포,성산 비치 호텔
1114,서귀포,리시온 관광호텔
1115,서귀포,파밀리아 호텔
1116,서귀포,호텔 알레그리아 서귀포
1117,서귀포,썬라이즈 호텔
1118,서귀포,두빛나래 리조트
1119,서귀포,루시드 엠
1120,서귀포,나르샤 리조트
1121,서귀포,루체빌 리조트
1122,서귀포,제주 중문 리조트
1123,서귀포,성산 보물섬 펜션
1124,서귀포,클럽이에스 제주리조트
1125,서귀포,코델리아 리조트
1126,서귀포,불란지 호텔
1127,서귀포,퍼블리코 호텔
1128,서귀포,더루케테 호텔
1129,서귀포,슬로우시티 호스텔
1130,서귀포,더 블루 제주
1131,서귀포,미르빌 펜션
1132,서귀포,코너스톤호텔
1133,서귀포,풍경 호텔
1134,서귀포,더썸플러스 풀빌라
1135,서귀포,수모루펜션
1136,서귀포,제주 꿈꾸는 숲 펜션
1137,서귀포,컬러인제주
1138,서귀포,풍향 빌리지
1139,서귀포,호텔mcc
1140,서귀포,제이앤비 호텔
1141,서귀포,굿데이 펜션
1142,서귀포,예그린 레지던스 호텔
1143,서귀포,드림제주호텔
1144,서귀포,귤향기 펜션
1145,서귀포,중문 통나무 펜션 & 리조트
1146,서귀포,해맞이펜션
1147,서귀포,디오션힐
1148,서귀포,해안성 펜션
1149,서귀포,바라크라호텔
1150,서귀포,모드니에 펜션
1151,서귀포,제주 스프링힐 리조트
1152,서귀포,사계여행
1153,서귀포,HY 초이호스텔
1154,서귀포,서귀포 호텔이디
1155,서귀포,스테이빌 펜션
1156,서귀포,섬이야기펜션
1157,서귀포,해성 파크텔
1158,서귀포,로즈마리 펜션
1159,서귀포,코코비치 리조트
1160,서귀포,해비치풍경 펜션
1161,서귀포,성산 아쿠아 비치 호텔
1162,서귀포,제주 바다위올레 펜션
1163,서귀포,제이 펜션
1164,서귀포,호텔 랑주
1165,서귀포,제주 룩스 호텔
1166,서귀포,성산 우리집 펜션
1167,서귀포,펜션 연리
1168,서귀포,더 세리 리조트
1169,서귀포,푸른섬 게스트하우스
1170,서귀포,도라미 펜션
1171,서귀포,아만토브
1172,서귀포,펜션 정원
1173,서귀포,제주 예래 펜션
1174,서귀포,천지연 호텔
1175,서귀포,늘바다 통나무집
1176,서귀포,올레요 리조트
1177,서귀포,산방산애 리조트 펜션
1178,서귀포,W오션 펜션
1179,서귀포,제이 큐브 펜션
1180,서귀포,오션 하우스 펜션
1181,서귀포,바산 올레 펜션
1182,서귀포,성게돌 펜션
1183,서귀포,펠리시아
1184,서귀포,빌라메르시 펜션
1185,서귀포,오아시스 펜션
1186,서귀포,유니콘펜션
1187,서귀포,롱아일랜드 게스트하우스
1188,서귀포,민중각 게스트하우스
1189,서귀포,보우힐 리조트 & 펜션
1190,서귀포,아임오케이 게스트하우스
1191,서귀포,버지니아 호텔 서귀포
1192,서귀포,에띠에 리조트
1193,서귀포,찬이네 초가집 펜션
1194,서귀포,메모리아 리조트
1195,서귀포,터닝포인트 제주펜션
1196,서귀포,제주 라벤다 호텔
1197,서귀포,헤라호텔
1198,서귀포,레이크힐스 리조트 제주
1199,서귀포,동원 호텔 제주
1200,서귀포,해바라기 펜션
1201,서귀포,브릿지레지던스호텔
1202,서귀포,제이힐호텔
1203,서귀포,고투베드리조트
1204,서귀포,제주 휴 리조트
1205,서귀포,쥬빌리 펜션
1206,서귀포,메모리 인 제주 펜션
1207,서귀포,DK 하우스
1208,서귀포,옵데강 펜션
1209,서귀포,라뷰테 제주
1210,서귀포,자고가 게스트하우스
1211,서귀포,런호텔
1212,서귀포,힐링스파펜션
1213,서귀포,소보록요보록 펜션
1214,서귀포,더나은스테이 펜션
1215,서귀포,서귀포 포시즌 펜션
1216,서귀포,제주블루앤씨
1217,서귀포,제담 펜션
1218,서귀포,미소가 펜션
1219,서귀포,바다해호텔
1220,서귀포,하얀언덕펜션
1221,서귀포,제이앤제이 펜션
1222,서귀포,엠제이 펜션
1223,서귀포,포에타펜션
1224,서귀포,해바라기 게스트하우스
1225,서귀포,성산 전망좋은 게스트하우스
1226,서귀포,더빌라스오션
1227,서귀포,제주큐니 펜션
1228,서귀포,서귀포 오렌지 호텔
1229,서귀포,제주 야자원
1230,서귀포,화이트캐슬 펜션
1231,서귀포,더베이 제주 리조트
1232,서귀포,제주 밀라노 호텔
1233,서귀포,성산포 사랑 펜션
1234,서귀포,성산게스트하우스 킴스캐빈
1235,서귀포,푸르미르펜션
1236,서귀포,맨도롱 하우스
1237,서귀포,백패커스홈
1238,서귀포,제주조아 통나무 펜션
1239,서귀포,서귀포 호텔 굿인
1240,서귀포,그랑부르 펜션
1241,서귀포,와하하 게스트하우스
1242,서귀포,섬 게스트하우스
1243,서귀포,돔베 리조트
1244,서귀포,바다스케치펜션
1245,서귀포,마가렛 펜션 & 엔틱 카페
1246,서귀포,메종 드 오조락 게스트하우스
1247,서귀포,올레스테이
1248,서귀포,산방산에 펜션
1249,서귀포,오크라 리조트
1250,서귀포,대평올레펜션
1251,서귀포,제주 중문 칸델라 펜션
1252,서귀포,제주 뷰티풀리조트
1253,서귀포,제주 엠 리조트
1254,서귀포,패밀리아 펜션
1255,서귀포,이어도성 펜션
1256,서귀포,레몬트리2 게스트하우스
1257,서귀포,성산스타펜션
1258,서귀포,제주 캐슬 펜션
1259,서귀포,해비치 바람의집 펜션
1260,서귀포,제주 해피 하우스 펜션
1261,서귀포,라사니아 캐슬 리조트
1262,서귀포,성산포 스카이 호텔
1263,서귀포,레몬트리 게스트하우스
1264,서귀포,포트 에비뉴 호텔&리조트
1265,서귀포,바닷가 하얀집 펜션
1266,서귀포,파미유 스파 리조트
1267,서귀포,바닷가 하우스 펜션
1268,서귀포,구덕 게스트하우스
1269,서귀포,아망뜨펜션
1270,서귀포,써니 데이 제주
1271,서귀포,저스트슬립 펜션
1272,서귀포,다솜 펜션
1273,서귀포,난드르 통나무집
1274,서귀포,해모랏 펜션
1275,서귀포,산방산온천 게스트하우스
1276,서귀포,하늘조각휴양펜션
1277,서귀포,성산아침노을펜션
1278,서귀포,소금막 리조트
1279,서귀포,베네치아 호텔
1280,서귀포,알랑가 게스트하우스
1281,서귀포,앙끄리에 펜션
1282,서귀포,투데이 펜션
1283,서귀포,우리바다펜션
1284,서귀포,해룡펜션
1285,서귀포,유러하우스
1286,서귀포,"더 자유 펜션 (구, 사이게스트하우스)"
1287,서귀포,온더스톤 게스트하우스 2
1288,서귀포,일출썬 펜션
1289,서귀포,키아오라 펜션
1290,서귀포,제주 해안 휴양펜션
1291,서귀포,달이봉봉
1292,서귀포,아이리스호텔
1293,서귀포,팜힐 펜션
1294,서귀포,제주 백록 펜션
1295,서귀포,꽃피는봄날 펜션
1296,서귀포,지삿개 풍경 펜션
1297,서귀포,호도 하우스
1298,서귀포,베이스캠프 게스트하우스
1299,서귀포,제주 해라의성
1300,서귀포,루시드봉봉 게스트하우스
1301,서귀포,제주 이린펜션
1302,서귀포,호텔캘리포니아
1303,서귀포,오빌하우스
1304,서귀포,브릭 216
1305,서귀포,꿈꾸는 노마드 펜션
1306,서귀포,올레7 호스텔
1307,서귀포,더코지인제주
1308,서귀포,모멘토 호텔
1309,서귀포,카사블랑카펜션
1310,서귀포,머무리 삼양힐링팜 펜션
1311,서귀포,넙빌레하우스
1312,서귀포,가름 게스트하우스
1313,서귀포,제주 TS 유스호스텔 리조트
1314,서귀포,레지나 펜션
1315,서귀포,느영나영 펜션
1316,서귀포,노을 담은 뜨락
1317,서귀포,해마지 펜션
1318,서귀포,쿨쿨하우스
1319,서귀포,해성펜션
1320,서귀포,고망난돌 펜션
1321,서귀포,온더스톤 펜션
1322,서귀포,솔바람파도소리 펜션
1323,서귀포,서귀포 그림같은풍경 펜션
1324,서귀포,해비치 엘마르 게스트하우스
1325,서귀포,행복한집 민박
1326,서귀포,바다소리게스트하우스
1327,서귀포,천제연휴양 펜션
1328,서귀포,칠십리호텔
1329,서귀포,제주 중문 빌리지
1330,서귀포,성산에오거들랑 게스트하우스
1331,서귀포,제주 디오빌
1332,서귀포,행복펜션
1333,서귀포,제주 게스트하우스 봄꽃
1334,서귀포,올레벗 게스트하우스
1335,서귀포,블랑블루펜션
1336,서귀포,꿈에그린 펜션
1337,서귀포,해바라기 게스트하우스
1338,서귀포,중문 오아시스 펜션
1339,서귀포,뷰티풀 하우스
1340,서귀포,레드피아노 펜션
1341,서귀포,빅썸 게스트하우스 - 호스텔
1342,서귀포,토토펜션
1343,서귀포,기풍호텔
1344,서귀포,펠리체 리조트
1345,서귀포,갯그시 펜션
1346,서귀포,위미궁펜션
1347,서귀포,갯바위 펜션
1348,서귀포,뷰티풀하우스
1349,서귀포,쿠지 홀리데이
1350,서귀포,가온누리게스트하우스
1351,서귀포,랄랄라 펜션
1352,서귀포,파도봐 펜션
1353,서귀포,리즈펜션
1354,서귀포,행운클로버 펜션
1355,서귀포,셋째날 펜션
1356,서귀포,타이 스토리 펜션
1357,서귀포,뉴헤븐
1358,서귀포,수망 휴양 펜션
1359,서귀포,제주성산아일랜드펜션
1360,서귀포,느영나영 게스트하우스
1361,서귀포,아이니 하우스
1362,서귀포,동호펜션
1363,서귀포,아토 펜션
1364,서귀포,솔파하우스
1365,서귀포,제주 통나무 휴양 펜션
1366,서귀포,렉스 호텔
1367,서귀포,제주꿀잠게스트하우스
1368,서귀포,제이팜휴양펜션
1369,서귀포,해밀독채펜션
1370,서귀포,바랑쉬게스트하우스
1371,서귀포,서현 호스텔
1372,서귀포,비욘드 게스트하우스
1373,서귀포,옛마을펜션
1374,서귀포,라이앤미
1375,서귀포,글라글라펜션
1376,서귀포,해바담 게스트하우스
1377,서귀포,동상일몽
1378,서귀포,나무랑 펜션
1379,서귀포,골든빌리지펜션
1380,서귀포,더드림 펜션
1381,서귀포,쉿게스트하우스
1382,서귀포,터무니하우스
1383,서귀포,헤세드 하우스
1384,서귀포,송원 모텔
1385,서귀포,제주 휴 펜션
1386,서귀포,산방산애 펜션
1387,서귀포,쏠레 하우스
1388,서귀포,해변의집 영빈
1389,서귀포,오렌지 게스트하우스
1390,서귀포,블루스카이펜션
1391,서귀포,쇠소깍천일펜션
1392,서귀포,올레휴
1393,서귀포,해와바다 게스트하우스
1394,서귀포,샤인빌 펜션
1395,서귀포,소흔 하우스
1396,서귀포,행복나무펜션
1397,서귀포,하얀캐슬
1398,서귀포,설문대하우스
1399,여수,유탑 마리나 호텔 & 리조트
1400,여수,베네치아 호텔 & 리조트 여수
1401,여수,히든 베이 호텔
1402,여수,헤이븐 호텔
1403,여수,호텔 JCS 여수
1404,여수,다락휴 여수 캡슐호텔 바이 워커힐
1405,여수,K그랜드호스텔 여수
1406,여수,HS 관광호텔
1407,여수,엠 오르트 호텔
1408,여수,노블호텔
1409,여수,스테이 호텔
1410,여수,비앤에프호텔
1411,여수,썬 하우스 호텔
1412,여수,호텔 케니 여수
1413,여수,나르샤호텔
1414,여수,폴로니아 게스트하우스&호스텔
1415,여수,MK 호텔
1416,여수,DS 호텔
1417,여수,마린베이 호텔
1418,여수,파라다이스 스파 호스텔
1419,여수,24 게스트하우스 여수
1420,여수,굿모닝 펜션
1421,여수,백패커스인 여수
1422,여수,골드비치 리조트
1423,여수,쉐라톤 여수 비즈니스
1424,여수,꿀잠호텔
1425,여수,더 스테이 호스텔
1426,여수,해비치호텔
1427,여수,신라이스테이
1428,여수,코인호텔
1429,여수,여수 호텔더시티
1430,여수,도도27 게스트하우스
1431,여수,여수 내가머문펜션
1432,여수,여수여행 펜션
1433,여수,알앤비비즈니스호텔
1434,여수,파리하우스
1435,여수,블루밍펜션
1436,여수,지인 게스트하우스
1437,여수,샹보르 관광호텔
1438,여수,벨라지오 관광호텔
1439,여수,웨스트인호텔
1440,여수,자연담은 펜션
1441,여수,호텔 앙코르
1442,여수,울랄라펜션
1443,여수,나비잠 게스트하우스
1444,여수,레돈도 펜션
1445,여수,포유호스텔
1446,여수,시로 리조트
1447,여수,하늘보라 펜션
1448,여수,돌산마루 펜션
1449,여수,바다모텔
1450,여수,장군도 펜션
1451,여수,여수inn 게스트하우스
1452,여수,기차와 바다 게스트하우스
1453,여수,엑스포모텔
1454,여수,여수커피나루 펜션
1455,여수,여수엔 펜션
1456,여수,해와달 펜션
1457,여수,노을펜션
1458,여수,썸 무인텔
1459,여수,테디베어 게스트하우스
1460,여수,MJ관광 호스텔
1461,여수,아렌스펜션
1462,여수,아리아 펜션 리조트
1463,여수,라스베가스모텔
1464,여수,씨에프모텔
1465,여수,쉼표 더하기
1466,여수,온다도로 호스텔
1467,여수,곰하우스
1468,여수,피라미드 구들 황토방 & 펜션
1469,여수,힐링 펜션
1470,여수,오마이 황토 펜션
1471,여수,벨루가 게스트하우스
1472,여수,호텔얌 여수학동점
1473,여수,씨 스타 호스텔
1474,여수,여수야 호스텔 펜션
1475,여수,호텔 더 클래식
1476,여수,다담 게스트하우스
1477,여수,황토 펜션
1478,여수,모이리 게스트하우스
1479,여수,제이모텔
1480,여수,다와모텔
1481,여수,섬마을펜션민박
1482,여수,돌산힐링펜션
1483,여수,하이모텔
1484,여수,여수 애플 모텔
1485,여수,르시엘 펜션
1486,여수,해뜨락 펜션
1487,여수,숲속애펜션
1488,여수,해인펜션
1489,여수,탐앤탐스 펜션
1490,여수,J플러스 스파펜션
1491,여수,아델펜션
1492,여수,THE 여수 펜션
1493,여수,오동도 펜션
1494,여수,여수스테이펜션
1495,여수,별헤는바다 펜션
1496,여수,MJ 모텔
1497,여수,갯가솔향 펜션
1498,여수,해동빌민박
1499,여수,1번가 모텔
1500,여수,그린하우스 펜션
1501,여수,가사리꽃님 펜션
1502,여수,블랭크 펜션
1503,여수,초콜릿 모텔
1504,여수,여수 더 끌림 펜션
1505,여수,리 모텔
1506,여수,호텔더비
1507,여수,해리펜션
1508,여수,나무 게스트하우스 & 펜션
1509,여수,마이다스 모텔
1510,여수,엘비노
1511,여수,티롤 펜션
1512,여수,정현 펜션
1513,여수,여수낭만153펜션
1514,여수,여수펜션 700
1515,여수,하이락리조트
1516,여수,식스앤나인
1517,여수,아라&마루
1518,여수,무지개 펜션
1519,여수,마루 펜션
1520,여수,여수 아른거리다 펜션
1521,여수,여수 자 시청점 2호점
1522,여수,쥬얼리모텔
1523,여수,노을산책펜션
1524,여수,노을빛 펜션
1525,여수,스카이 펜션
1526,여수,25모텔
1527,여수,아트 펜션
1528,여수,리빙각
1529,여수,황금들녘펜션
1530,여수,예원 힐링 펜션
1531,여수,엑스포로 펜션
1532,여수,S 모텔
1533,여수,여수로 게스트하우스
1534,여수,황제파크
1535,여수,여수 지에스 모텔
1536,여수,휴앤고 게스트하우스
1537,여수,엘크레인 호텔
1538,여수,케이부띠크호텔
1539,여수,좌수영모텔
1540,여수,파티 모텔
1541,여수,소담펜션
1542,여수,모리아펜션
1543,여수,가고파펜션
1544,여수,마리나 무인호텔
1545,여수,월드파크장
1546,여수,모사금 펜션
1547,여수,백야공감펜션
1548,여수,미하스빌펜션
1549,여수,더라온펜션
1550,여수,신생모텔
1551,여수,아일랜드보인다펜션
1552,여수,띠아모모텔
1553,여수,호텔 Y
1554,여수,산무인텔
1555,여수,정하우스
1556,여수,아일리아 펜션
1557,여수,AG풀빌라 펜션
1558,여수,전망대펜션
1559,여수,별무인텔
1560,여수,성심펜션
1561,여수,쉴드라이브인무인텔
1562,여수,자 모텔
1563,여수,쉼 게스트하우스
1564,여수,맥스 무인텔
1565,여수,호텔 유
1566,여수,샵모텔
1567,여수,여수 엑스포 펜션
1568,여수,바다향기 펜션
1569,여수,황금빛 펜션
1570,여수,글로리아펜션
1571,여수,오션힐호텔
1572,양양,더앤리조트
1573,양양,이엘 호텔
1574,양양,양양 국제 공항 호텔
1575,양양,오색 그린야드 호텔
1576,양양,라파미에
1577,양양,스위트 호텔 낙산
1578,양양,낙산 오션밸리 리조트
1579,양양,더 낙산 호텔
1580,양양,해돋이호텔
1581,양양,지오 리조트
1582,양양,양양비치콘도
1583,양양,베니키아호텔 산과바다 양양
1584,양양,파인 비치 콘도텔
1585,양양,연어마을 펜션
1586,양양,아쇼카펜션
1587,양양,썬밸리펜션
1588,양양,스위트펜션
1589,양양,일마레 펜션
1590,양양,양양 일마레펜션
1591,양양,핑크비치펜션
1592,양양,트윈비치 펜션
1593,양양,씨스테이
1594,양양,해오름민박
1595,양양,양양 해마루
1596,양양,비치빌 콘도텔
1597,양양,골든베이 펜션
1598,양양,굿스테이 갈천 훼미리 리조트
1599,양양,쉼표 펜션
1600,양양,힐스타펜션
1601,양양,숲속의집
1602,양양,설화모텔&펜션
1603,양양,낙산 크로바 콘도텔
1604,양양,게스트하우스
1605,양양,38 마린 리조트
1606,양양,위대한게스트
1607,양양,샐비어 펜션
1608,양양,양양비치펜션
1609,양양,양양 하늘바다 펜션
1610,양양,산울림 펜션
1611,양양,씨엘펜션
1612,양양,블루아라 펜션
1613,양양,바다마을사람들 펜션
1614,양양,월드비치 모텔
1615,양양,청해장 모텔
1616,양양,엠파스모텔
1617,양양,설악대문터 펜션
1618,양양,윙크 펜션
1619,양양,광명가족 펜션
1620,양양,해뜨는창문펜션
1621,양양,포트뷰 펜션
1622,양양,양양 파티게스트하우스 낙산점
1623,양양,다로산 펜션
1624,양양,설악나들펜션
1625,양양,설악스파허브빌 펜션
1626,양양,스위트 펜션
1627,양양,펜션 프리지아
1628,양양,패밀리 펜션
1629,양양,물빛하늘펜션
1630,양양,몬테마르 펜션
1631,양양,햇무리펜션
1632,양양,비치하우스 펜션
1633,양양,모리의 언덕 펜션
1634,양양,프라임 펜션
1635,양양,낙산 콘도텔
1636,양양,가족이야기 펜션
1637,양양,설악 바다나무로 펜션
1638,양양,에코하임 펜션
1639,양양,푸른하늘은하수 펜션
1640,양양,풀&벨리 펜션
1641,양양,캐디스펜션
1642,양양,씨엘 펜션
1643,양양,법수산장펜션
1644,양양,초록 수채화 펜션
1645,양양,시골풍경펜션
1646,양양,명문펜션
1647,양양,씨엔밸리 펜션
1648,양양,아쇼카펜션
1649,양양,몰디브 펜션
1650,양양,어느멋진날 펜션
1651,양양,헬로피스 펜션
1652,양양,환상의성
1653,양양,초록바다펜션
1654,양양,배럴서프스쿨 게스트하우스
1655,양양,바다정원펜션&게스트하우스
1656,양양,그루터기 펜션
1657,양양,배꽃향기 펜션
1658,양양,비단향꽃무 펜션
1659,평창,라마다 호텔 & 스위트 평창 바이 윈덤
1660,평창,켄싱턴 호텔 평창
1661,평창,휘닉스 평창 리조트
1662,평창,인터컨티넨탈 알펜시아 평창 리조트
1663,평창,홀리데이 인 리조트 알펜시아 평창
1664,평창,더화이트호텔 평창
1665,평창,AM 호텔
1666,평창,휘닉스 평창 호텔
1667,평창,홀리데이 인 & 스위트 알펜시아 평창
1668,평창,용평 리조트 드래곤 밸리 호텔
1669,평창,현대엘리엇 호텔 & 리조트
1670,평창,시실리펜션
1671,평창,호텔 더 마루
1672,평창,용평 리조트 타워 콘도
1673,평창,고려궁 전통한옥호텔
1674,제주,메종 글래드 제주
1675,제주,라마다 프라자 제주 호텔
1676,제주,유탑 유블레스호텔
1677,제주,신라스테이 제주
1678,제주,다인 오세아노 호텔
1679,제주,에벤에셀호텔
1680,제주,그랜드 하얏트 제주
1681,제주,호텔 샬롬 제주
1682,제주,제주 센트럴시티호텔
1683,제주,아스타 호텔
1684,제주,라마다 바이 윈덤 제주 더 함덕
1685,제주,호텔 위드 제주
1686,제주,제주 칼 호텔
1687,제주,글로스터 호텔 제주
1688,제주,호텔케니스토리 제주연동
1689,강릉,씨스카이호텔
1690,강릉,아비오 호텔
1691,강릉,라미아까사
1692,강릉,호텔큐브
1693,강릉,베니키아 호텔 산과바다 주문진 리조트
1694,강릉,파인시티호텔
1695,강릉,그레이호텔
1696,강릉,포시즌 비치 관광호텔
1697,강릉,헤렌하우스호텔
1698,강릉,경포 비치 관광 호텔
1699,강릉,홍씨호텔 강릉역
1700,강릉,경포 비스타호텔
1701,강릉,소나무펜션
1702,강릉,루이스호텔
1703,강릉,하슬라 아트 월드 뮤지엄 호텔
1704,강릉,강릉mgm 호텔
1705,강릉,호텔탑스빌
1706,강릉,캡슐인강릉 게스트하우스
1707,강릉,호텔 여기어때 경포점
1708,강릉,나이아드 펜션
1709,강릉,경포대 Wynn
1710,강릉,태화 펜션
1711,강릉,루헤풀빌라
1712,강릉,썬비치모텔
1713,강릉,동아호텔
1714,강릉,코지 게스트하우스
1715,강릉,경포 에메랄드 호텔
1716,강릉,음악시간 펜션
1717,강릉,호텔 메모리
1718,강릉,주문진 호텔
1719,강릉,굿스테이 다우 리조텔
1720,강릉,강릉 일출펜션
1721,강릉,화이트 캐슬 리조트
1722,강릉,달빛머무는펜션
1723,강릉,경포엔펜션
1724,강릉,엔담
1725,강릉,경포우성 펜션
1726,강릉,경포대가는길 펜션
1727,강릉,더 뷰티 호텔
1728,강릉,가둔지 펜션
1729,강릉,올림피아호텔
1730,강릉,벨라루나
1731,강릉,전망대 펜션
1732,강릉,정동진 모텔
1733,강릉,강릉 둥지 펜션
1734,강릉,루소 호텔
1735,강릉,경포 아라펜션
1736,강릉,강릉 바우길 게스트하우스
1737,강릉,BR모텔 강릉
1738,강릉,브라운펜션
1739,강릉,펜션하슬라
1740,강릉,아이홀릭 호텔
1741,강릉,썬모텔
1742,강릉,비치하우스펜션
1743,강릉,워너비 펜션
1744,강릉,M 모텔
1745,강릉,에이스모텔
1746,강릉,하얀우드 펜션
1747,강릉,로제펜션
1748,강릉,강릉 라메르 호텔
1749,강릉,라파힐펜션
1750,강릉,경포해모로 펜션
1751,강릉,VV 호텔
1752,강릉,망상비치호텔&펜션
1753,강릉,썬 게스트하우스
1754,강릉,강릉 공주 펜션
1755,강릉,S모텔
1756,강릉,다빈치 리조텔
1757,강릉,양지 펜션
1758,강릉,경포 타임 모텔
1759,강릉,러블리 모텔
1760,강릉,메인 모텔
1761,강릉,나인블럭모텔
1762,강릉,호텔 라피네
1763,강릉,경포발리 펜션
1764,강릉,빌리언스 펜션
1765,강릉,호텔 스완
1766,강릉,더쉼표 게스트하우스
1767,강릉,강릉 ING 게스트하우스
1768,강릉,파인힐 펜션
1769,강릉,호텔 더 샵
1770,강릉,경포의하루 펜션
1771,강릉,이스턴캐슬펜션
1772,강릉,오션 모텔
1773,강릉,오리나루펜션
1774,강릉,피크닉 모텔
1775,강릉,이즈미르 펜션
1776,강릉,옥상달빛펜션
1777,강릉,경포초콜릿 펜션
1778,강릉,크리스탈모텔
1779,강릉,바다부채길펜션
1780,강릉,루헤펜션
1781,강릉,강릉여행굿캠핑
1782,강릉,하얏트모텔
1783,강릉,해찬솔 펜션
1784,강릉,피어86스파펜션
1785,강릉,오아시스모텔
1786,강릉,씨에스타 펜션
1787,강릉,코미치바다펜션
1788,강릉,강릉 게스트하우스 커피거리점
1789,강릉,황토와 솔내음 펜션
1790,강릉,강문해변펜션&게스트하우스
1791,강릉,정동캐슬모텔
1792,강릉,강릉128펜션
1793,강릉,굿스테이 모텔 힐
1794,강릉,알프스 호텔
1795,강릉,센트럴모텔
1796,강릉,태양의바다 펜션
1797,강릉,예담펜션
1798,강릉,사천바다 펜션
1799,강릉,바우골펜션
1800,강릉,부연계곡그집 펜션
1801,강릉,펜션 티케하우스
1802,강릉,사나래 펜션
1803,강릉,현대 모텔
1804,강릉,코아 모텔
1805,강릉,다링장여관
1806,강릉,소나무풍경펜션
1807,강릉,미성장모텔
1808,강릉,정명수 펜션
1809,강릉,쉴 모텔
1810,강릉,폴게스트하우스
1811,강릉,경포 솔숲으로펜션
1812,강릉,아썸펜션
1813,강릉,드림 비치 펜션
1814,강릉,파라곤펜션
1815,강릉,별이 빛나는 밤에 펜션
1816,강릉,소나무 펜션
1817,강릉,시크릿펜션
1818,강릉,강릉힐링하우스
1819,강릉,하이 모텔
1820,강릉,행복이가득한집
1821,강릉,해뜰날 펜션
1822,강릉,쏠하우스
1823,강릉,상상펜션
1824,강릉,모꼬지펜션
1825,강릉,삽당령 펜션
1826,강릉,한내 펜션
1827,강릉,경포티아라 펜션
1828,강릉,강릉 아티랑스 펜션
1829,강릉,쥬크펜션
1830,강릉,펜션하늬바람
1831,강릉,타워텔
1832,강릉,경포어울림펜션
1833,강릉,하늘궁 펜션
1834,강릉,후아유 게스트하우스 경포대
1835,강릉,힐스파이브 리조트
1836,강릉,한옥스테이 휴심
1837,강릉,수에르떼
1838,강릉,Y&G비스니스호텔 펜션
1839,강릉,산성파크 펜션
1840,강릉,강릉모텔
1841,강릉,강릉 힐이스턴하우스 펜션
1842,강릉,경포캐빈 펜션
1843,강릉,솔빛 모텔
1844,강릉,모텔포시즌
1845,강릉,이지비야 펜션
1846,강릉,정동진태림민박펜션
1847,강릉,라임 하우스
1848,강릉,라메르펜션
1849,강릉,원산장모텔
1850,강릉,라끄베르 펜션
1851,강릉,슈밍게스트하우스
1852,강릉,메어블릭 펜션
1853,강릉,산바다 펜션
1854,강릉,용궁펜션민박
1855,강릉,소금강의 봄 펜션
1856,강릉,리치문 펜션
1857,강릉,몰디브 펜션
1858,강릉,하이빌리지 펜션
1859,강릉,파랑 펜션
1860,강릉,마이앤트세라펜션
1861,강릉,더10월 펜션
1862,강릉,소금강 모텔
1863,인천,파라다이스시티
1864,인천,송도 센트럴 파크 호텔
1865,인천,오라카이 송도 파크 호텔
1866,인천,라마다 송도 호텔
1867,인천,에어스카이호텔 영종도 인천공항
1868,인천,홀리데이 인 인천 송도
1869,인천,골든튤립 인천공항 호텔 & 스위트
1870,인천,더위크앤 리조트
1871,인천,리베라베리움 호텔
1872,인천,호텔 스카이파크 인천 송도
1873,인천,베스트웨스턴 하버파크 호텔 인천
1874,인천,라마다 인천 호텔
1875,인천,토요코인 인천부평점
1876,인천,하워드 존슨 바이 윈덤 인천에어포트
1877,인천,그랜드 하얏트 인천
1878,거제,소노캄 거제
1879,거제,스터번호텔
1880,거제,라마다 스위츠 거제
1881,거제,거제 삼성 호텔
1882,거제,호텔 리베라 거제
1883,거제,아르누보 스위트 호텔
1884,거제,호텔 홈포레스트
1885,거제,리인스테이
1886,거제,도야가족호텔
1887,거제,홈포레스트 리조트
1888,거제,거제 돔 관광호텔
1889,거제,라사니아 호텔
1890,거제,메종드거제
1891,거제,멜로디아 펜션
1892,거제,바람의언덕 리조트
1893,거제,애드미럴호텔
1894,거제,거제 산토리니 스파펜션
1895,거제,외도펠리스펜션
1896,거제,홈포스테이
1897,거제,린 뷰티크호텔
1898,거제,래디언스 관광호텔
1899,거제,리우오션 레지던스
1900,거제,거제오아시스호텔
1901,거제,고은펜션
1902,거제,라이트하우스 호텔
1903,거제,레지던스 호텔 이던 스테이
1904,거제,브라운도트 호텔 거제옥포점
1905,거제,아르코 풀빌라 펜션
1906,거제,홈포레스트 레지던스호텔
1907,거제,코델리아호텔
1908,거제,제이에스 레지던스 호텔
1909,거제,한솔펜션
1910,거제,더 채움 펜션
1911,거제,거제 생각속의 집 펜션
1912,거제,푸른너울 펜션
1913,거제,거산리조트
1914,거제,호텔디럭스
1915,거제,진우레지던스호텔
1916,거제,거제오션 호텔
1917,거제,티파니 펜션
1918,거제,하얀등대 펜션
1919,거제,비치몽돌하우스 펜션
1920,거제,거제에서의하루펜션
1921,거제,장승포 비치 호텔
1922,거제,하늘테라스펜션
1923,거제,외도 여행 펜션
1924,거제,하나 펜션
1925,거제,거제 아일랜드 관광호텔
1926,거제,섬마을 펜션
1927,거제,풀하우스 펜션
1928,거제,거제도 썬비치펜션
1929,거제,거제도 비치호텔
1930,거제,부영모텔
1931,거제,거제도 큰솔 펜션
1932,거제,빨간지붕 프라하 펜션
1933,거제,에이플러스 호텔
1934,거제,블루인블루펜션
1935,거제,그레이70무인텔
1936,거제,비치마루 펜션
1937,거제,라온제나 펜션
1938,거제,레지던스 호텔아이
1939,거제,플로리아 펜션
1940,거제,갤러리 호텔
1941,거제,거제 자연블루베리 가족펜션
1942,거제,파티오 펜션
1943,거제,아네스 홈 포유
1944,거제,라메르 펜션
1945,거제,모래숲펜션
1946,거제,폴라리스펜션
1947,거제,파타야모텔
1948,거제,해바람펜션
1949,거제,레몬트리펜션
1950,거제,나무향기펜션
1951,거제,바다선장 펜션
1952,거제,별빛달빛펜션
1953,거제,모오리 펜션
1954,거제,수미르 펜션
1955,거제,거제도 씨사이드펜션
1956,거제,모텔라인69
1957,거제,거제로펜션
1958,거제,마레포스 펜션
1959,거제,윈 관광호텔
1960,거제,옥포 비지니스 호텔
1961,거제,장목Y모텔
1962,거제,버들 펜션
1963,거제,월드팰리스
1964,거제,어울림 펜션
1965,거제,거제 힐링 펜션
1966,거제,투데이 모텔
1967,거제,모던239펜션
1968,거제,에스플러스모텔
1969,거제,천년의미소 펜션
1970,거제,꿈꾸는언덕 펜션
1971,거제,거제 더비치펜션
1972,거제,블루마레 펜션
1973,거제,모텔 라이
1974,거제,버즈힐펜션
1975,거제,블루비치 펜션
1976,거제,해금강 보이지 펜션
1977,거제,꾸메본펜션
1978,거제,S 모텔
1979,거제,트윈캐슬펜션
1980,거제,파라다이스펜션 해안동
1981,거제,더끌림펜션
1982,거제,메르씨엘 펜션
1983,거제,메르베르 펜션
1984,거제,퀸크루즈호텔
1985,거제,그린나래펜션
1986,거제,레전드 모텔
1987,거제,디딤돌펜션
1988,거제,누리펜션
1989,거제,화이트 모텔
1990,거제,아주비즈니스호텔
1991,거제,물빛하늘펜션
1992,거제,뉴행복 펜션
1993,거제,포엠 모텔
1994,거제,메트로 펜션
1995,거제,수평선펜션
1996,거제,계절여행펜션
1997,거제,Mvg호텔
1998,거제,해우리 펜션
1999,거제,호텔 블루
2000,거제,힐링데이
2001,거제,은하수 펜션
2002,거제,해양 펜션
2003,거제,라일락 펜션
2004,거제,프로포즈 펜션
2005,거제,파라곤모텔
2006,거제,베르데 펜션
2007,거제,대우비지니스호텔
2008,거제,아라온 펜션
2009,거제,팔색조펜션
2010,거제,명동모텔
2011,거제,외도 펜션
2012,거제,원 펜션
2013,거제,거제투어하우스
2014,거제,유자향기펜션
2015,거제,산타모니카 펜션
2016,거제,핀란드 빌리지 펜션
2017,거제,바닷가애 펜션
2018,거제,담향 가족펜션
2019,거제,마루 펜션
2020,거제,자연뜰 펜션
2021,거제,블루 엔 화이트 펜션
2022,거제,거제 에버그린과파인트리 애견동반 펜션
2023,거제,펜션 휴가
2024,거제,산이랑바다펜션
2025,거제,하모니 펜션 거제
2026,거제,외도벨리 펜션
2027,거제,하늘애 펜션
2028,거제,노마드 펜션
2029,거제,와현 파라다이스펜션
2030,거제,더엠 호텔
2031,거제,바닷가펜션
2032,거제,갯내음 펜션
2033,거제,거가 펜션
2034,거제,파라다이스펜션 바다동
2035,거제,나폴리 펜션
2036,거제,까사디마레펜션
2037,거제,외도하우스
2038,거제,해와달펜션
2039,거제,그랑드펜션
2040,거제,여행스케치펜션
2041,거제,올레 펜션
2042,거제,거제하우스 스파펜션
2043,거제,풍차언덕팬션
2044,거제,금빛물결 펜션
2045,거제,탑클래스펜션
2046,거제,놀러와펜션
2047,거제,스타마린펜션 - F동
2048,거제,파도향기 펜션
2049,거제,테디베어 펜션
2050,거제,정원비치펜션
2051,거제,H무인텔
2052,거제,세븐 펜션
2053,거제,노을의언덕 펜션
2054,거제,화이트
2055,거제,해미래펜션
2056,거제,거제도 좋은데 애견펜션
2057,거제,태양과바다 펜션
2058,거제,청솔펜션
2059,거제,에버그린모텔
2060,거제,거제 비치블루펜션
2061,거제,거제 도담펜션
2062,거제,모리아펜션
2063,거제,프래밀리 호텔
2064,거제,거제 브레이크타임
2065,거제,첼레스떼 펜션
2066,거제,지브로 게스트하우스
2067,거제,거제도 해뜨는 바다풍경
2068,거제,아쿠아리우스두모
2069,거제,거제 킨포크 펜션
2070,거제,해안 펜션
2071,거제,소나무향기 펜션
2072,거제,수림파크모텔
2073,거제,숲속소나무펜션
2074,거제,큐 모텔
2075,거제,씨엔블루펜션
2076,거제,첼로 모텔
2077,거제,더호텔
2078,거제,편백숲 펜션
2079,거제,풀모텔
2080,거제,웰빙머드펜션
2081,거제,휴무인텔
2082,통영,스탠포드 호텔&리조트 통영
2083,통영,한산 호텔
2084,통영,통영 베이 리조트
2085,통영,포르투나호텔
2086,통영,금호 통영 마리나 리조트
2087,통영,통영갤러리호텔
2088,통영,통영 엔쵸비 관광호텔
2089,통영,클럽이에스 통영리조트
2090,통영,동원 유스호스텔
2091,통영,조각의 집
2092,통영,브라운도트 통영 항남점
2093,통영,통영거북선호텔
2094,통영,카리브 콘도
2095,통영,에이스호텔
2096,통영,도르가 관광호스텔
2097,부산,신라스테이 해운대
2098,부산,파라다이스 호텔 부산
2099,부산,라마다 앙코르 바이 윈덤 부산 해운대
2100,부산,라발스 호텔 부산
2101,부산,시그니엘 부산
2102,부산,아난티 힐튼
2103,부산,웨스틴 조선 부산
2104,부산,파크 하얏트 부산
2105,부산,펠릭스 호텔 바이 STX
2106,부산,그랜드 조선 부산
2107,부산,베스트웨스턴플러스 부산송도호텔
2108,부산,베스트웨스턴 해운대 호텔
2109,부산,센텀프리미어호텔
2110,부산,해운대 씨클라우드 호텔 레지던스
2111,부산,해운대 센텀 호텔
2112,부산,호텔더그랑 대연
2113,부산,하운드 호텔 해운대
2114,부산,농심 호텔
2115,부산,롯데 호텔 부산
2116,부산,크라운 하버 호텔 부산
2117,부산,아바니 센트럴 부산
2118,부산,켄트호텔 광안리 by 켄싱턴
2119,부산,티티호텔
2120,부산,스탠포드 인 부산
2121,부산,미디호텔부산
2122,부산,베니키아 프리미어 호텔 해운대
2123,부산,토요코인 부산역 1호점
2124,부산,일루아 호텔
2125,부산,베이몬드 호텔 해운대
2126,부산,골든튤립 해운대 호텔 & 스위트
2127,부산,하운드 호텔 광안
2128,부산,엠에스 호텔
2129,부산,호메르스 호텔
2130,부산,이비스 앰배서더 부산 해운대
2131,부산,아르반 호텔
2132,부산,토요코인 부산해운대2호점
2133,부산,코모도 호텔
2134,부산,마리안느 호텔
2135,부산,솔라리아 니시테츠 호텔 부산
2136,부산,토요코인 서면
2137,부산,라마다 앙코르 바이 윈덤 부산역
2138,부산,호텔포레 프리미어 남포점
2139,부산,아몬드 호텔
2140,부산,선셋 비즈니스 호텔
2141,부산,호텔 라온
2142,부산,부산 비즈니스 호텔
2143,부산,브라운도트 비지니스호텔 서면롯데점
2144,부산,에이치에비뉴 호텔 광안리
2145,부산,콘트 호텔
2146,부산,페어필드 바이 메리어트 부산
2147,부산,해운대 영무파라드 호텔
2148,부산,아르반 시티 호텔
2149,부산,아스티호텔 부산역
2150,부산,SC 헬싱키 호텔
2151,부산,오름 레지던스 호텔
2152,부산,부산 아벤트리 호텔
2153,부산,부산광안리 오션투헤븐
2154,부산,베이하운드호텔
2155,부산,코오롱 씨클라우드 호텔
2156,부산,이비스 앰배서더 부산시티센터
2157,부산,토요코인 부산 해운대 1호점
2158,부산,브라운 도트 부산역 스카이 가든
2159,부산,호텔포레 프리미어 해운대
2160,부산,더반호텔
2161,부산,지엔비 호텔
2162,부산,베스트 루이스 해밀턴 해운대
2163,부산,리베로 호텔
2164,부산,베스트 인 시티 호텔
2165,부산,호텔인트로
2166,부산,이비스 버젯 앰배서더 부산 해운대
2167,부산,에어포트 호텔
2168,부산,파라곤 호텔
2169,부산,그랜드 엘시티 레지던스
2170,부산,플레아드 블랑 호텔 & 레지던스
2171,부산,미포 오션 사이드 호텔
2172,부산,부산 신신호텔
2173,부산,에이치에비뉴 호텔 광안리 해변점
2174,부산,베스트루이스해밀턴호텔 광안점
2175,부산,하운드 호텔 부산역
2176,부산,레이어스 호텔
2177,부산,캔버스호스텔
2178,부산,에어스카이 호텔 부산
2179,부산,하운드 호텔 연산
2180,부산,엔젤 호텔
2181,부산,하운드 호텔 프리미어 남포
2182,부산,힐사이드 호텔
2183,부산,타워힐 호텔
2184,부산,유토피아 호텔
2185,부산,호텔포레 부산역점
2186,부산,브라운도트호텔 송정점
2187,부산,시애틀비 호텔
2188,부산,JB 디자인 호텔
2189,부산,브라운도트 호텔 기장 연화리점
2190,부산,선트리 관광호텔
2191,부산,호텔 홍단
2192,부산,호텔더그랑 광안
2193,부산,호텔 더마크 해운대
2194,부산,경성여관
2195,부산,센트럴파크 호텔 부산
2196,부산,신라스테이 서부산
2197,부산,에어텔 부산
2198,부산,노떼 라 미아 호텔
2199,부산,호텔 런더너 광안점
2200,부산,베스트 루이스 해밀턴 호텔 서부산점
2201,부산,피앤에스호텔
2202,부산,브라운도트 구서점
2203,부산,엘리시아 부티크 호텔
2204,부산,오이아 호텔
2205,부산,브라운도트 호텔 서면범천점
2206,부산,라이온호텔
2207,부산,노엘 비즈니스 호텔
2208,부산,퀸스호텔 부산 서면
2209,부산,브라운도트 범일점
2210,부산,이스턴베이호텔
2211,부산,송정올라호텔
2212,부산,더 비에스 호텔
2213,부산,하운드 호텔 남포
2214,부산,동부산온천호텔
2215,부산,마린 뷰 호텔 부산
2216,부산,부산역 부산 뷰 호텔
2217,부산,누리 호텔
2218,부산,하운드 호텔 서면
2219,부산,브라운도트 송도해수욕장점
2220,부산,브라운도트 호텔 사상르네시떼
2221,부산,우드하우스 호텔
2222,부산,브라운도트 호텔 덕천점
2223,부산,송정 호텔
2224,부산,라메르 호텔
2225,부산,미니호텔 메이
2226,부산,프리미엄V
2227,부산,헤르몬 호텔
2228,부산,잠101 호텔
2229,부산,부산 유스호스텔 아르피나
2230,부산,호텔 그레이 남포
2231,부산,망고 호텔
2232,부산,KT&G 상상마당부산 스테이
2233,부산,호텔브릭스
2234,부산,호텔 클라우드 나인
2235,부산,그레이193호텔
2236,부산,비센트호텔
2237,부산,브라운도트 사직야구장점
2238,부산,브라운도트호텔 양정점
2239,부산,이코노미 해운대
2240,부산,제이스테이
2241,부산,브라운도트 호텔 정관점
2242,부산,머뭄 레지던스
2243,부산,브라운도트호텔 서면1호점
2244,부산,해운대 비즈니스 호텔 S
2245,부산,사우스반데코호텔
2246,부산,K 게스트하우스 서면 1호점
2247,부산,원웨이 게스트하우스 부산
2248,부산,K 게스트하우스 프리미엄 남포
2249,부산,이데아 호텔
2250,부산,브라운도트 호텔 시그니처 만덕점
2251,부산,놀 게스트하우스
2252,부산,티알티 호텔
2253,부산,산타페 모텔
2254,부산,소르젠떼 비지니스 호텔
2255,부산,킹 호텔
2256,부산,팝콘 호스텔 해운대점
2257,부산,더비치 호텔
2258,부산,마마 게스트하우스 해운대
2259,부산,이데아 호텔 부산역
2260,부산,게스트하우스 시나몬트리
2261,부산,한스빌 모텔
2262,부산,일로이리조트
2263,부산,해운대 쇼호텔
2264,부산,UH 스위트 해운대 랜드스케이프 3층
2265,부산,김치 게스트하우스 부산
2266,부산,짝 부티크호텔
2267,부산,스타호텔
2268,부산,노아 호텔
2269,부산,부산 관광호텔
2270,부산,투헤븐 호텔
2271,부산,오션스테이호텔
2272,부산,트래블라이트
2273,부산,호텔 메종
2274,부산,호텔더그랑 남포
2275,부산,2월호텔 송정점
2276,부산,골든베이 펜션
2277,부산,루이스 호텔
2278,부산,글랜스 호텔
2279,부산,개리 쿠퍼
2280,부산,브라운도트 호텔 하단점
2281,부산,런더너호텔
2282,부산,호텔봄
2283,부산,다이나믹 게스트하우스
2284,부산,넘버25 호텔 대청점
2285,부산,이데아호텔
2286,부산,해운대 요트스테이
2287,부산,부산역 비즈니스 호텔
2288,부산,소사이어티 호텔
2289,부산,호텔 109
2290,부산,하운드 호텔 서면-범천
2291,부산,김치게스트하우스 해운대점
2292,부산,이데아호텔
2293,부산,굿스테이 센트럴 호텔
2294,부산,에스원모텔
2295,부산,바르도 호텔
2296,부산,넘버25 호텔 서면역점
2297,부산,호텔 뮤리
2298,부산,K-게스트하우스 광안리
2299,부산,송정카리브펜션
2300,부산,디노호텔
2301,부산,나무늘보호텔 송정점
2302,부산,백패커스 하우스
2303,부산,모텔 파라다이스
2304,부산,호텔 마르쉐
2305,부산,25시 호텔 2호점
2306,부산,K-게스트하우스 해운대 1
2307,부산,더웨이호텔
2308,부산,명지 오이아 호텔
2309,부산,브라운도트 호텔 센텀점
2310,부산,하운드호텔 범일
2311,부산,Seasee게스트하우스
2312,부산,투헤븐 호텔
2313,부산,하루 모텔
2314,부산,빙고모텔
2315,부산,브라운도트호텔 명지점
2316,부산,부띠끄호텔 오월로
2317,부산,모텔브릿지
2318,부산,톡모텔
2319,부산,넘버25 호텔 광안점
2320,부산,하운드호텔 기장일광점
2321,부산,모찌 호스텔
2322,부산,굿스테이 동래 온천 호텔
2323,부산,시카고호텔
2324,부산,루이스 호텔
2325,부산,준 모텔
2326,부산,호텔 엘레펀트
2327,부산,호텔 런더너
2328,부산,소유 호텔
2329,부산,프라임 관광호텔
2330,부산,필 모텔
2331,부산,1954호텔
2332,부산,와 호텔
2333,부산,블루보트 해운대점
2334,부산,아바 호텔
2335,부산,단테하우스
2336,부산,부산 기장 휴
2337,부산,구포 부티크 호텔
2338,부산,굿스테이 콤마 호텔 서면
2339,부산,굿스테이 비치 모텔
2340,부산,호텔치즈
2341,부산,아몬드호텔
2342,부산,콤마호텔
2343,부산,카리노 호텔
2344,부산,그레이샌즈 풀빌라 펜션
2345,부산,오뜨호텔
2346,부산,호텔 브릿지
2347,부산,호텔 G7
2348,부산,아라 호텔
2349,부산,유나 호텔 비즈니스
2350,부산,가인 호텔
2351,부산,블루문 모텔
2352,부산,K79 게스트하우스
2353,부산,부산 사상 빈스 70
2354,부산,M101 모텔
2355,부산,부산 아라하우스 펜션
2356,부산,투헤븐 호텔
2357,부산,호텔야자 송정점
2358,부산,나무늘보호텔
2359,부산,큐파이브호텔
2360,부산,아이엠 레지던스
2361,부산,코자자 호텔
2362,부산,해운대바다 콘도
2363,부산,탑 모텔
2364,부산,대성관 호텔
2365,부산,호텔 아마레 부산
2366,부산,24 게스트하우스 자갈치
2367,부산,굿스테이 펀스테이 인 게스트하우스
2368,부산,호텔 더 루아 남포롯데점
2369,부산,Ytt 호텔
2370,부산,캘리 호스텔
2371,부산,브라운도트호텔 초읍점
2372,부산,프리미엄 아바 호텔
2373,부산,브이모텔
2374,부산,넘버25 호텔 사상모라점
2375,부산,호텔야자 서면1번가점
2376,부산,해운대 게스트하우스
2377,부산,브라운도트 호텔 남포충무점
2378,부산,에스스테이펜션
2379,부산,팍스 펜션
2380,부산,구포 이데아
2381,부산,호텔야자 서면롯데점
2382,부산,넘버25 호텔 서면1번가점
2383,부산,부산 숙박 닷컴 게스트하우스
2384,부산,모닝블루펜션
2385,부산,브라운도트 호텔 신호점
2386,부산,파인힐호텔
2387,부산,소호호텔
2388,부산,하늘섬 게스트하우스
2389,부산,씨엘오션호텔
2390,부산,더 라스트 호텔
2391,부산,아이비 호텔
2392,부산,호텔 그레이
2393,부산,호텔 마레
2394,부산,바우하우스 펜션
2395,부산,호텔얌 하단점
2396,부산,부산 영도 럭셔리
2397,부산,자바 모텔
2398,부산,호텔하루
2399,부산,부산 서면 시카고 2호점
2400,부산,라라비안코 호텔
2401,부산,잉카 모텔 해운대
2402,부산,멕시멈호텔
2403,부산,도담 게스트하우스
2404,부산,이스턴엠버 호텔
2405,부산,발렌타인 호텔
2406,부산,호텔라움
2407,부산,호텔 투헤븐
2408,부산,브라운도트 부산진역점
2409,부산,휴플러스 게스트하우스
2410,부산,게스트하우스 세리인
2411,부산,호텔 유 아인
2412,부산,브룩스호텔
2413,부산,굿데이 메이트 게스트하우스
2414,부산,코코캡슐게스트하우스
2415,부산,넘버25 호텔 기장연화리점
2416,부산,브라운도트호텔 미남점
2417,부산,사상 투헤븐 호텔
2418,부산,호텔 프리마
2419,부산,J모텔
2420,부산,시티호텔지앤지
2421,부산,오션뷰호텔
2422,부산,호텔 프랑스
2423,부산,꿈 모텔
2424,부산,아리아 호텔 남포
2425,부산,블랑비즈니스호텔
2426,부산,일루아
2427,부산,24 게스트하우스 해운대 프리미어
2428,부산,반달호텔
2429,부산,호텔프렌치코드
2430,부산,J 모텔
2431,부산,넘버25 호텔 용호점
2432,부산,와우 모텔 해운대
2433,부산,25th호스텔
2434,부산,포유 호텔
2435,부산,비지니스 호텔 제이세븐
2436,부산,보브텔
2437,부산,호텔여기어때 정관점
2438,부산,신호동비지니스호텔
2439,부산,동백섬 게스트하우스
2440,부산,송도 아리아 호텔
2441,부산,더 메이 호텔
2442,부산,호텔얌 해운대점
2443,부산,그레이 그라운드 호텔
2444,부산,호텔25시
2445,부산,영남장 여관
2446,부산,블루밍 모텔
2447,부산,브이원 모텔
2448,부산,위 게스트하우스
2449,부산,그랑모텔
2450,부산,나인호텔
2451,부산,호텔 아리아 서면
2452,부산,브릭스 게스트하우스 해운대
2453,부산,호텔 오해피
2454,부산,인사이드 부산 호스텔
2455,부산,에이 모텔
2456,부산,더 브레인 호텔
2457,부산,해운대블루호텔
2458,부산,클럽 호텔 해운대
2459,부산,반딧불이 펜션
2460,부산,삼천장
2461,부산,부산 블루 백패커스 호스텔
2462,부산,홈 호텔
2463,부산,온천장 G&G모텔
2464,부산,더블린 호텔
2465,부산,오 호텔
2466,부산,바르도 호텔
2467,부산,에어포트 게스트하우스
2468,부산,오렌지 모텔 해운대
2469,부산,9번가 모텔
2470,부산,HI 디자인 호텔
2471,부산,센스 모텔
2472,부산,그레이191 호텔
2473,부산,웰킨호텔
2474,부산,호텔 더 루아 연제
2475,부산,브라운도트 호텔 대연점
2476,부산,V모텔
2477,부산,Ytt 호텔
2478,부산,여우비 호텔
2479,부산,하루호텔
2480,부산,더 스위트 호텔
2481,부산,로망스 모텔
2482,부산,게스트하우스 어반
2483,부산,베니스모텔
2484,부산,K9모텔
2485,부산,헤이브호텔
2486,부산,투헤븐 호텔 남포
2487,부산,호텔여기어때 해운대점
2488,부산,나만의 전용 공간
2489,부산,더뷰 게스트하우스
2490,부산,알리바바펜션
2491,부산,큐브모텔
2492,부산,호텔야자 광안리점
2493,부산,호텔얌 연산점
2494,부산,팝콘 호텔
2495,부산,부산 정관 K2
2496,부산,젬 모텔
2497,부산,17th 호텔
2498,부산,오렌지 게스트하우스
2499,부산,팍스 게스트하우스 해운대
2500,부산,광장호텔
2501,부산,MU 호텔
2502,부산,제타 모텔
2503,부산,이탈리안 썸머 부티크 호텔
2504,부산,시카고호텔
2505,부산,빅토리아모텔
2506,부산,9월 호텔 동래
2507,부산,부산 당리 오투
2508,부산,힐
2509,부산,마리나호텔
2510,부산,사상 루이스제이
2511,부산,한국모텔
2512,부산,재송 프렌치코드
2513,부산,다뉴브
2514,부산,Vov 모텔
2515,부산,Mgm 호텔
2516,부산,샤인모텔
2517,부산,비엔나
2518,부산,틴토호텔
2519,부산,호텔 보노 온천장
2520,부산,넘버25 호텔 해운대점
2521,부산,보라카이 모텔
2522,부산,유아인 호텔
2523,부산,브이 모텔 해운대
2524,부산,프린스호텔
2525,부산,T 호텔
2526,부산,미스터브릭호텔
2527,부산,팝콘 호스텔 남포동점
2528,부산,문탠모텔
2529,부산,부산해운대여행펜션
2530,부산,더베이호텔
2531,부산,에이플러스원 모텔
2532,부산,넨네 부티크 호텔
2533,부산,비타민 모텔
2534,부산,99.9호텔
2535,부산,그레이
2536,부산,J 모텔
2537,부산,놈 모텔
2538,부산,더스톤브릿지호텔
2539,부산,더 메이 호텔
2540,부산,모텔츄츄
2541,부산,호텔 이그니스
2542,부산,젬 모텔
2543,부산,모텔25시
2544,부산,레전드호텔
2545,부산,인 호텔 부산
2546,부산,카리브 모텔
2547,부산,덴바스타 감전점
2548,부산,티에스호텔
2549,부산,와우 모텔
2550,부산,폭시 모텔
2551,부산,투헤븐 모텔
2552,부산,이지스테이
2553,부산,궁모텔
2554,부산,휴 모텔
2555,부산,베스티호텔
2556,부산,호텔오유
2557,부산,맥스 모텔 사상
2558,부산,페이지호텔
2559,부산,쇼 모텔
2560,부산,앰버스호텔
2561,부산,해원모텔
2562,부산,블루힐모텔
2563,부산,호텔미니
2564,부산,J&J 펜션
2565,부산,꿈모텔
2566,부산,보브호텔
2567,부산,더제니스 호텔
2568,부산,호텔 제타
2569,부산,Mk게스트하우스
2570,부산,호텔 하루
2571,부산,호텔야자 해운대점
2572,부산,모모쥬스
2573,부산,휴인 펜션
2574,부산,송정로뎀나무펜션
2575,부산,오투펜션
2576,부산,V호텔 해운대
2577,부산,라온호텔
2578,부산,넘버1모텔
2579,부산,부산 연산동 9월
2580,부산,굿스테이 게스트하우스 코리아
2581,부산,노블레스모텔
2582,부산,투유모텔
2583,부산,센텀 모텔
2584,부산,해오름펜션
2585,부산,넘버25 호텔 초읍점
2586,부산,넘버25 호텔 만덕점
2587,부산,봄날 모텔
2588,부산,R모텔
2589,부산,더펜션 502
2590,부산,그린힐모텔
2591,부산,발리모텔
2592,부산,헤르메스호텔
2593,부산,사상모텔이레
2594,부산,아이엠모텔
2595,부산,엠유 모텔
2596,부산,브라운도트호텔 구포점
2597,부산,화이트 아일랜드 게스트하우스
2598,부산,아바 모텔
2599,부산,온팍스레지던스
2600,부산,넘버25 호텔 사상구청점
2601,부산,호텔 Q5
2602,부산,로쏘호텔
2603,부산,상큼한 이코노미 호텔
2604,부산,V3 모텔
2605,부산,플러스 모텔
2606,부산,폭시 모텔
2607,부산,부산 비엔비 펜션 & 패밀리 호텔
2608,부산,호텔미니
2609,부산,브이 모텔
2610,부산,7th 호텔
2611,부산,Waba 모텔
2612,부산,루 모텔
2613,부산,더샵 모텔
2614,부산,보브모텔
2615,부산,버튼호텔
2616,부산,넘버25 호텔 하단점
2617,부산,더디자인 모텔
2618,부산,더히트호텔
2619,부산,힐게스트하우스
2620,부산,부산인모텔
2621,부산,코인모텔
2622,부산,이그니스
2623,부산,369 모텔
2624,부산,제트호텔
2625,부산,W모텔
2626,부산,굿스테이 잉카 모텔
2627,부산,호텔얌 부산송도점
2628,부산,콜모텔
2629,부산,비치모텔
2630,부산,GT 모텔
2631,부산,썸 모텔
2632,부산,Y 모텔
2633,부산,아마레 호텔 동래
2634,부산,더원모텔
2635,부산,호텔야자 재송점
2636,부산,썸모텔
2637,부산,쌍마모텔
2638,부산,나포리모텔
2639,부산,목화별장
2640,부산,깐느모텔
2641,부산,비앤비
2642,부산,브이 모텔
2643,부산,9월모텔
2644,부산,투헤븐호텔
2645,부산,마틴 모텔
2646,부산,파라디아모텔
2647,부산,실크로드 호스텔
2648,부산,보브호텔
2649,부산,온천장 큐브 모텔
2650,부산,미라벨 모텔
2651,부산,엘루이호텔
2652,부산,제니스모텔
2653,부산,부산 남포동 프린스
2654,부산,Jk모텔
2655,부산,블루문 모텔
2656,부산,테마 모텔
2657,부산,킹콩 게스트하우스
2658,부산,호텔야자 사상터미널점
2659,부산,테라스 펜션
2660,부산,W모텔
2661,부산,24 게스트하우스 서면점
2662,부산,케이 모텔
2663,부산,청운장
2664,부산,Mu모텔
2665,부산,369 모텔
2666,부산,루이스호텔
2667,부산,이그니스호텔
2668,부산,웁스모텔
2669,부산,캐슬 모텔
2670,부산,퀸모텔
2671,부산,퍼블릭모텔
2672,부산,뮤모텔
2673,부산,아바모텔
2674,부산,볼리아 사직점
2675,부산,부산 힐링호텔
2676,부산,인터파크 모텔
2677,부산,초읍 유나호텔
2678,부산,2월 호텔 강서신관점
2679,부산,코자837 모텔
2680,부산,테마 모텔
2681,부산,신원모텔
2682,부산,리베모텔
2683,부산,엔젤모텔
2684,부산,애플 모텔
2685,부산,삼원장 모텔
2686,부산,웁스 모텔
2687,부산,와우 모텔 구포역
2688,부산,윌 모텔
2689,부산,369모텔
2690,부산,아리아모텔
2691,부산,마루하우스펜션
2692,부산,제이 모텔
2693,부산,아이유 모텔
2694,부산,젬모텔
2695,부산,뉴브이 모텔
2696,부산,그랑프리 모텔
2697,부산,아라모텔
2698,부산,와바모텔
2699,부산,투헤븐 호텔
2700,부산,위드모텔
2701,부산,스카이모텔
2702,부산,솔모텔
2703,부산,모텔G2
2704,부산,라메르 모텔
2705,부산,G&G 모텔 서면
2706,부산,라찌 모텔
2707,부산,모텔캣츠
2708,부산,부산 구포 나이아스
2709,부산,핑크모텔
2710,부산,더젠틀호텔
2711,부산,젠모텔
2712,부산,모나코 모텔
2713,부산,벨라지오 모텔
2714,부산,Spa호텔
2715,부산,하단 E모텔
2716,부산,부산 동래 꿈
2717,부산,코코모텔
2718,부산,9월 호텔
2719,부산,쇼 모텔 사상
2720,부산,휴 모텔
2721,부산,온모텔
2722,부산,코리아나 모텔
2723,부산,369모텔
2724,부산,W모텔
2725,부산,2PM 호텔
2726,부산,올리브 모텔
2727,부산,맥스모텔
2728,부산,짱9모텔
2729,부산,썸 모텔
2730,부산,테마모텔
2731,부산,로얄모텔
2732,부산,우리모텔
2733,부산,겨울연가모텔
2734,부산,하이모텔
2735,부산,엘루이모텔
2736,부산,부산 비치 관광호텔
2737,부산,인디 호텔
2738,부산,호텔 휘겔리
2739,부산,발리하우스
2740,부산,S 호텔 사상
2741,부산,2월호텔 더스테이 부산강서점
2742,부산,호텔 더 라찌
2743,부산,덴바스타호텔 화명점
2744,부산,부산 수영 그랜드
2745,부산,넘버25 호텔 명지서부지청점
2746,부산,스카이 모텔
2747,부산,젬 모텔
2748,부산,방가방가 게스트하우스
2749,부산,짝 모텔
2750,부산,코코 모텔
2751,부산,호텔스미스
2752,부산,와이 게스트하우스
2753,부산,굿프라임호텔
2754,부산,T스테이모텔
2755,부산,정관 썸모텔
2756,부산,헤이데이
2757,부산,크리스탈모텔
2758,부산,쇼 모텔
2759,부산,큐브모텔
2760,부산,No.25 Hotel - Seodong
2761,부산,예스 모텔
2762,부산,대광장 모텔
2763,부산,지지배 호스텔
2764,부산,파크 모텔
2765,부산,황금모텔
2766,부산,JS 모텔
2767,부산,이그니스 호텔
2768,부산,투하트 호텔
2769,속초,씨크루즈호텔속초
2770,속초,라마다 속초 호텔
2771,속초,썬라이즈 호텔
2772,속초,델피노
2773,속초,더 클래스 300 콘도
2774,속초,마리나베이 속초
2775,속초,속초 마레몬스 호텔
2776,속초,팜파스 리조트
2777,속초,한화 리조트 설악 쏘라노
2778,속초,아이파크 콘도
2779,속초,속초 굿모닝 가족호텔
2780,속초,금호 설악 리조트
2781,속초,설악 파인 리조트
2782,속초,호텔 아마란스
2783,속초,월드스테이트 속초
2784,속초,현대수리조트 속초
2785,속초,위드유 호텔 & 게스트하우스
2786,속초,베니키아 호텔 산과바다 대포항
2787,속초,베니키아 호텔 산과바다 속초
2788,속초,속초가족펜션
2789,속초,에쉐르 하우스 펜션
2790,속초,리츠 모텔&펜션
2791,속초,설악산 파크 리조트
2792,속초,이코노미 호텔 속초점
2793,속초,설악 일성 콘도
2794,속초,Est 펜션
2795,속초,속초 라쏘 풀빌라 펜션
2796,속초,마린 게스트하우스
2797,속초,허브 모텔
2798,속초,더마크 속초 레지던스 호텔
2799,속초,HJ 하우스
2800,속초,더 블루 도어 호스텔
2801,속초,맘모스 리조텔
2802,속초,바다향기
2803,속초,제임스 블루 호스텔
2804,속초,스파 펜션 바쏘
2805,속초,호텔청초
2806,속초,카사 설악 베드 앤드 브렉퍼스트
2807,속초,속초 더 하우스 호스텔
2808,속초,모옌호텔
2809,속초,설악 리조텔
2810,속초,뜨락 펜션
2811,속초,와쏭하우스
2812,속초,파도소리펜션
2813,속초,스마일게스트하우스
2814,속초,미스터슬로우
2815,속초,꿈설악펜션
2816,속초,칼스베드 모텔
2817,속초,한강하우스
2818,속초,헤리티지 펜션
2819,속초,미아모르
2820,속초,하얀등대펜션
2821,속초,바다속으로 펜션
2822,속초,호텔웨이브
2823,속초,등대비치레지던스호텔
2824,속초,하얀집
2825,속초,더 레드 하우스
2826,속초,송림모텔
2827,속초,HK 리조트
2828,속초,아리랑 리조텔
2829,속초,모드니에 펜션
2830,속초,선녀 펜션
2831,속초,마린 펜션 속초
2832,속초,반달곰모텔
2833,속초,두 호텔 & 게스트하우스
2834,속초,해별달펜션
2835,속초,국제모텔
2836,속초,라온호텔
2837,속초,K모텔
2838,속초,위너스
2839,속초,설악 산장
2840,속초,청대산애
2841,속초,화이트스테이션게스트하우스
2842,속초,게스트하우스 길손
2843,속초,올리브 스파펜션
2844,속초,몰디브 모텔
2845,속초,월드 펜션
2846,속초,하늘바다 펜션
2847,속초,펜션 크루즈
2848,속초,해뜨는집 펜션
2849,속초,풀하우스 펜션
2850,속초,피카소 모텔
2851,속초,해와별
2852,속초,보니따펜션
2853,속초,타임모텔
2854,속초,CF 모텔
2855,속초,돈방석 펜션
2856,속초,더팰리스펜션
2857,속초,프리모
2858,속초,추억모텔
2859,속초,산토리니펜션
2860,속초,속초엔 게스트하우스
2861,속초,속초 이스턴 관광호텔
2862,속초,해오름 하우스
2863,속초,삼성 모텔
2864,속초,설악 가든 리조텔
2865,속초,미라지모텔
2866,속초,모텔잠자리
2867,속초,해맞이 모텔
2868,속초,시티서울 모텔
2869,경주,코모도 호텔 경주
2870,경주,경주 신라 한옥호텔
2871,경주,베니키아 스위스로젠 호텔
2872,경주,경주 코오롱 호텔
2873,경주,슈가 호텔
2874,경주,성호 리조트
2875,경주,경주 한옥 펜 타운
2876,경주,리얼스틸펜션 B동
2877,경주,아리수경주호텔
2878,경주,마우나 오션 리조트
2879,경주,르 이데아 호텔
2880,경주,트윈 빌리지
2881,경주,별빛 여정 펜션
2882,경주,와담정
2883,경주,일성경주보문리조트
2884,경주,벨루스 로즈 펜션
2885,경주,춘추관
2886,경주,서라벌 토기 관광 펜션
2887,경주,인 경주 게스트하우스 & 미니호텔
2888,경주,불국사 비즈니스 호텔
2889,경주,더스퀘어 펜션
2890,경주,로드31
2891,경주,해밀터펜션
2892,경주,호텔더에이스
2893,경주,두바퀴 게스트하우스
2894,경주,둥지가족펜션
2895,경주,소금강산
2896,경주,행복한집펜션
2897,경주,소노 호텔
2898,경주,포시즌 펜션
2899,경주,자자모텔
2900,경주,에디스 펜션
2901,경주,경주게스트하우스 굿드림
2902,경주,씨엘 미니호텔&게스트하우스
2903,경주,굿타임모텔
2904,경주,모텔리베
2905,경주,KB 펜션
2906,경주,신라유스호스텔
2907,경주,신라 가족호텔
2908,경주,낭만여행
2909,경주,보문호수 펜션
2910,경주,유럽 마을 펜션
2911,경주,굿스테이 드림힐 모텔
2912,경주,펜션이야기ing
2913,경주,경주 나무 게스트하우스
2914,경주,경주엔한옥펜션
2915,경주,C모텔
2916,경주,경주장여관
2917,경주,W무인텔
2918,경주,더원펜션 레드동
2919,경주,송학펜션
2920,경주,팅커벨 펜션
2921,경주,아리에티 모텔
2922,경주,마도카모텔
2923,경주,영교당
2924,경주,해피드림펜션
2925,경주,그린벨리펜션
2926,경주,미림 모텔
2927,경주,애플하우스 미니호텔
2928,경주,OP 102 게스트하우스
2929,경주,천국의무지개펜션
2930,경주,다현 호스텔
2931,경주,한솔 모텔
2932,경주,리얼스틸펜션 A동
2933,경주,프린세스 펜션
2934,경주,경주 감포 해변 펜션
2935,경주,달빛여행 펜션
2936,경주,바람이불어오는곳
2937,경주,또다른세상
2938,경주,경주 1974
2939,경주,J717 펜션
2940,경주,나인모텔
2941,경주,펜션 비하우스
2942,경주,아드리아 펜션
2943,경주,호텔 욜로
2944,경주,41st 게스트하우스
2945,경주,띠아모 펜션
2946,경주,모텔 달러
2947,경주,레아 모텔
2948,경주,자라 모텔
2949,경주,올리브 하우스 펜션
2950,경주,씨엘모텔
2951,경주,경주 헤라
2952,경주,꿈애 게스트하우스
2953,경주,명성유스타운
2954,경주,보문펜션
2955,경주,동해안 펜션
2956,경주,더원펜션
2957,경주,로얄모텔
2958,경주,파인밸리 펜션
2959,경주,경주 캐스팅 펜션
2960,경주,모텔팡코르
2961,경주,세븐하프 펜션
2962,경주,나폴리 펜션
2963,경주,푸른산유스텔
2964,경주,벽도산황토본가펜션
2965,경주,어울림 펜션
2966,경주,나이스모텔
2967,경주,힐 모텔
2968,경주,스텔라펜션
2969,경주,해를 여는 펜션
2970,경주,아이콘 모텔
2971,경주,프라하펜션
2972,경주,천년의 미소
2973,경주,경주 타임 모텔
2974,경주,해비치펜션
2975,경주,더 뷰 모텔
2976,경주,해와바다 펜션
2977,경주,달이 차오른다 가자 게스트하우스
2978,경주,러브스토리 펜션
2979,경주,경주스타펜션
2980,경주,라즈베리펜션
2981,경주,경주 블루모아 모텔
2982,경주,설레임 펜션
2983,경주,숲속정원 펜션
2984,경주,경주 스카이 모텔
2985,경주,신라궁 펜션
2986,경주,더메이펜션
2987,경주,경주 쇼모텔
2988,경주,힐마레 펜션
2989,경주,322번가펜션
2990,경주,유토피아모텔
2991,경주,평관헌
2992,경주,몽블랑펜션
2993,경주,아로마모텔
2994,경주,히든밸리 펜션
2995,경주,핀란디아 펜션
2996,경주,노비오스펜션
2997,경주,경주 피렌체펜션
2998,경주,올리비아 펜션
2999,경주,프리티무인텔
3000,경주,푸른하늘펜션
3001,경주,욜로yolo
3002,경주,포시즌유스호스텔
3003,경주,경주 힐링하우스
3004,경주,뉴더안 펜션
3005,경주,별이야기펜션
3006,경주,그린 펜션
3007,경주,옥산 서원길 게스트하우스
3008,경주,해원장모텔
3009,경주,N모텔
3010,경주,경주 밀레니엄펜션
3011,경주,로즈모텔
3012,경주,힐링펜션
3013,경주,샵모텔
3014,경주,호반의왈츠 펜션
3015,경주,엉클 탐스 캐빈 펜션
3016,경주,노란별 펜션
3017,경주,에필로그 펜션
3018,경주,B&W 모텔
3019,경주,마법의성 애견 펜션
3020,경주,경주로그캐빈
3021,경주,숲속의아침 펜션
3022,경주,포시즌 펜션
3023,경주,오투모텔
3024,경주,아망뜨애견 펜션
3025,경주,삼나무펜션
3026,경주,청담풀빌라펜션
3027,경주,7번가펜션
3028,경주,라스텔라펜션
3029,경주,아루모텔
3030,경주,아트인하늘호수 펜션
3031,경주,로하스 뱀부 펜션
3032,경주,스테이52
3033,경주,라비에벨펜션
3034,경주,경주 J모텔
3035,경주,로쏘하우스 펜션
3036,경주,캐빈하우스
3037,경주,포테이토 모텔
3038,경주,경주 쉼 모텔
3039,경주,풀내음 하우스
3040,경주,피라미드펜션
3041,경주,토함산락펜션
3042,경주,경주 탑 모텔
3043,경주,앤젤모텔
3044,경주,시인과바다
3045,경주,R모텔
3046,경주,풍차 펜션
3047,경주,마리안느 펜션
3048,경주,펜션해밀
3049,경주,스페셜W모텔
3050,경주,로젤리아펜션
3051,경주,별그린 펜션
3052,경주,숲속자연펜션
3053,경주,데스티노 펜션
3054,경주,티포인트 모텔
3055,경주,뜨라네 펜션
3056,경주,초이스 펜션
3057,경주,더조은펜션
3058,경주,해돋이펜션
3059,경주,온더문펜션
3060,경주,아트힐 펜션
3061,경주,경주 소울메이트
3062,경주,모노폴리펜션
3063,경주,아름다운펜션
3064,경주,해피데이 펜션
3065,경주,로하스 펜션
3066,경주,봉쥬르 펜션
3067,경주,비버리힐펜션
3068,경주,별키즈풀빌라
3069,경주,팰리스한옥키즈풀빌라
3070,경주,아보카도 모텔
3071,경주,솔바람사이길
3072,경주,엠엔케이풀빌라펜션
3073,경주,라라랜드 애견풀빌라
3074,경주,디아망 펜션
3075,경주,몰리나 펜션
3076,경주,산새소리 펜션
3077,경주,"경주 E (구, 경주 더뷰B)"
3078,경주,하라모텔
3079,경주,아라뜰펜션
3080,경주,해를여는 펜션
3081,경주,소유 스파 펜션
3082,경주,가득한정원 펜션
3083,경주,더안 펜션
3084,경주,가이드펜션
3085,경주,라온펜션
3086,경주,아띠뿌니 펜션
3087,경주,헬로멜로우 펜션
3088,경주,제이 펜션
3089,경주,블루21풀빌라
3090,경주,스탈리 펜션
3091,경주,모텔발트
3092,경주,몽 펜션
3093,경주,카르페디엠
3094,전주,라마다 전주
3095,전주,베스트웨스턴플러스 전주호텔
3096,전주,로니 관광호텔
3097,전주,전주 라임호텔
3098,전주,더 클래식 호텔
3099,전주,전주 관광호텔
3100,전주,카마호텔
3101,전주,가은채
3102,전주,풍남 관광 호텔
3103,전주,그랜드힐스턴
3104,전주,호텔 바라한
3105,전주,한옥호텔 궁
3106,전주,이가한옥
3107,전주,라온 한옥 꿀잠
3108,전주,호텔케이
3109,대구,토요코인 대구동성로점
3110,대구,엘디스 리젠트 호텔
3111,대구,인터불고 엑스코 호텔
3112,대구,노보텔 앰배서더 대구
3113,대구,대구 그랜드 호텔
3114,대구,호텔 라온제나
3115,대구,호텔 노블스테이
3116,대구,리버틴호텔
3117,대구,아리아나 호텔
3118,대구,엘리시아호텔
3119,대구,힐탑호텔
3120,대구,2월호텔 동성로점
3121,대구,인스타관광호텔
3122,대구,호텔 여기어때 대구역점
3123,대구,호텔 포레스트701
3124,대구,블로바이블로
3125,대구,캐주얼 하우스 소노
3126,대구,루오호텔
3127,대구,앙코르호텔
3128,대구,라벨라호텔
3129,대구,2월호텔 대구황금점
3130,대구,뉴 그랜드 호텔
3131,대구,성동장모텔
3132,대구,대구공항 소호모텔
3133,대구,브라운도트 호텔 대구동촌유원지점
3134,대구,아마레호텔
3135,대구,브라운도트 호텔 대구성서점
3136,대구,보잉 호텔
3137,대구,사보이 호텔
3138,대구,신천 W
3139,대구,인더 호텔
3140,대구,호텔 노스텔
3141,대구,호텔 여기어때 서대구점
3142,대구,유니드 호텔
3143,대구,애가 한옥 게스트하우스
3144,대구,2월호텔 수성점
3145,대구,서문한옥게스트하우스
3146,대구,칸호텔
3147,대구,공감 동성로 게스트하우스
3148,대구,대구 두류 아테네
3149,대구,2월호텔 대구앞산점
3150,대구,마이더스 모텔
3151,대구,H호텔
3152,대구,헤라 모텔
3153,대구,펄모텔
3154,대구,나나 모텔
3155,대구,대구 코지트 하우스 애가3
3156,대구,레지던스 호텔 R
3157,대구,쉴모텔
3158,대구,체리시호텔
3159,대구,호텔 에비앙
3160,대구,호텔 온도
3161,대구,온도호텔
3162,대구,브라운호텔
3163,대구,호텔이노밸리
3164,대구,하늘의 운명
3165,대구,호텔투하트
3166,대구,게스트하우스 만나
3167,대구,호텔 아시아
3168,대구,부티크 호텔 이시아
3169,대구,미라지모텔
3170,대구,2월호텔 성서점
3171,대구,와와모텔
3172,대구,호텔블랑
3173,대구,구마 모던 한옥
3174,대구,앞산 비즈니스 호텔
3175,대구,스위트호텔
3176,대구,지프모텔
3177,대구,플레이 22 & 스테이 22
3178,대구,J모텔
3179,대구,수성스테이
3180,대구,호텔야자 대구서문시장점
3181,대구,부티크 호텔 첫눈
3182,대구,더제이호텔
3183,대구,짜라 호텔
3184,대구,에코모텔
3185,대구,굿스테이 히로텔
3186,대구,호텔리베
3187,대구,꼬모 부띠끄 호텔
3188,대구,라인 모텔
3189,대구,러브웨이모텔
3190,대구,피크니크호텔
3191,대구,봄고로 게스트하우스
3192,대구,갤러리 호텔
3193,대구,칸 모텔
3194,대구,팔공산맥섬석유스호스텔
3195,대구,스위트호텔
3196,대구,이탈리안썸머호텔 경북대점
3197,대구,브릿지호텔
3198,대구,초콜릿 모텔 달서
3199,대구,더 메종 호텔
3200,대구,도시의 꿈 모텔
3201,대구,디자인 호텔 블랑
3202,대구,Xym 모텔
3203,대구,B2 모텔
3204,대구,부띠끄 호텔 5월
3205,대구,커플모텔
3206,대구,마이더스
3207,대구,비즈니스호텔 K
3208,대구,경일 모텔
3209,대구,오투
3210,대구,Sb호텔
3211,대구,아우룸호텔
3212,대구,린비아토모텔
3213,대구,F2모텔
3214,대구,가우진 호텔
3215,대구,카카오텔
3216,대구,W뉴욕모텔
3217,대구,WS 호텔
3218,대구,톡모텔
3219,대구,뷰 모텔
3220,대구,프렌치 모텔
3221,대구,스위트호텔
3222,대구,허니문 모텔
3223,대구,기키모텔
3224,대구,오모텔
3225,대구,CF 모텔 성서점
3226,대구,파라다이스모텔
3227,대구,제니모텔
3228,대구,교동게스트하우스
3229,대구,시월호텔
3230,대구,대구무인모텔 이사벨
3231,대구,마이더스 모텔
3232,대구,MT 라이프 모텔
3233,대구,호텔 이프
3234,대구,호텔 김
3235,대구,폭스모텔
3236,대구,레인모텔
3237,대구,런던모텔
3238,대구,DO 모텔
3239,대구,러시모텔
3240,대구,소울모텔
3241,대구,Sg호텔
3242,대구,아싸모텔
3243,대구,A4 모텔
3244,대구,로열모텔
3245,대구,아바 모텔
3246,대구,알프스모텔
3247,대구,스위트호텔
3248,대구,웨이브 모텔
3249,대구,디알토 모텔
3250,대구,카넬 모텔
3251,대구,글램호텔
3252,대구,시즌투 모텔
3253,대구,스타
3254,대구,리치모텔
3255,대구,힐링모텔
3256,대구,터치모텔
3257,대구,그랜드 모텔
3258,대구,주공공사호텔
3259,대구,와모텔
3260,대구,로얄모텔
3261,대구,아이 모텔
3262,대구,히든모텔
3263,대구,오페라모텔
3264,대구,더존모텔
3265,대구,스타무인모텔
3266,대구,골든타임
3267,대구,뉴욕모텔
3268,대구,글로리아 모텔
3269,대구,앤모텔
3270,대구,선샤인 호텔 대구
3271,대구,이프 호텔
3272,대구,대구 달성군 레드 모텔
3273,대구,프린스 모텔
3274,대구,로그인모텔
3275,대구,로미오앤줄리엣
3276,대구,에스브이
3277,대구,모텔 Top
3278,대구,폭스모텔
3279,대구,티포유모텔
3280,대구,폭스2모텔
3281,대구,썸타임모텔
3282,대구,낚시모텔
3283,대구,호텔오늘
3284,대구,칸&듀오
3285,대구,까르디움모텔
3286,대구,모텔이너스
3287,대구,룩모텔
3288,대구,테크닉모텔
3289,대구,엘리모텔
3290,대구,발리모텔
3291,대구,그린빌모텔
3292,대구,가나다모텔
3293,대구,소호102호텔
3294,대구,2some모텔
3295,대구,콜모텔
3296,대구,와자자 모텔
3297,대구,비너스모텔
3298,대구,다올모텔
3299,대구,쇼앤쿡모텔
3300,대구,요요모텔
3301,대구,텐모텔
3302,대구,알토모텔
3303,대구,프라자모텔
3304,대구,앤모텔
3305,대구,대흥파크모텔
3306,대구,팔공 에밀리아 호텔
3307,대구,오션모텔
3308,대구,플레이모텔
3309,대구,지지모텔(GG)
3310,대구,웨스턴엘호텔
3311,대구,대구 동촌 힐
3312,대구,동대구K미니호텔
3313,대구,Mtm 모텔
3314,대구,나나 모텔
3315,대구,로미오모텔
3316,대구,오늘모텔
3317,대구,시안호텔
3318,대구,호텔리움
3319,대구,모텔윙크
3320,대구,리더스 모텔
3321,대구,레인모텔
3322,대구,홍시모텔
3323,대구,폭스 모텔
3324,대구,호텔 러블리
3325,대구,리츠 모텔
3326,대구,투스테이호텔
3327,대구,폭스모텔
3328,대구,모텔붐
3329,대구,마니또모텔
3330,대구,워싱턴모텔
3331,대구,오 모텔
